file,predicted_mu_b
CeCo5__1.cif,3.0792265766666604
CeCo5__2.cif,3.0792265766666604
CeCo5__3.cif,3.0792265766666604
CeCo5__4.cif,3.0792265766666604
CeCo5__5.cif,3.0792265766666604
CeCo5__6.cif,3.0792265766666604
CeCo5__7.cif,3.0792265766666604
CeCo5__8.cif,3.0792265766666604
CeCo5__9.cif,3.0792265766666604
CoO__1.cif,0.8691079733333288
CoO__2.cif,0.8691079733333288
CoO__3.cif,0.8691079733333288
CoO__4.cif,0.8691079733333288
CoO__5.cif,0.8691079733333288
CoO__6.cif,0.8691079733333288
CoO__7.cif,0.8691079733333288
CoO__8.cif,0.8691079733333288
CoO__9.cif,0.8691079733333288
DyCo5__1.cif,3.8879762399999933
DyCo5__2.cif,3.8879762399999933
DyCo5__3.cif,3.8879762399999933
DyCo5__4.cif,3.8879762399999933
DyCo5__5.cif,3.8879762399999933
DyCo5__6.cif,3.8879762399999933
DyCo5__7.cif,3.8879762399999933
DyCo5__8.cif,3.8879762399999933
DyCo5__9.cif,3.8879762399999933
FeF2__9.cif,2.8781035819047602
FeO__1.cif,2.807966106666666
FeO__2.cif,2.807966106666666
FeO__3.cif,2.807966106666666
FeO__4.cif,2.807966106666666
FeO__5.cif,2.807966106666666
FeO__6.cif,2.807966106666666
FeO__7.cif,2.807966106666666
FeO__8.cif,2.807966106666666
FeO__9.cif,2.807966106666666
GdCo5__1.cif,2.6047936299999987
GdCo5__2.cif,2.6047936299999987
GdCo5__3.cif,2.6047936299999987
GdCo5__4.cif,2.6047936299999987
GdCo5__5.cif,2.6047936299999987
GdCo5__6.cif,2.6047936299999987
GdCo5__7.cif,2.6047936299999987
GdCo5__8.cif,2.6047936299999987
GdCo5__9.cif,2.6047936299999987
heusler_Co2CoAl__1.cif,1.19607719333333
heusler_Co2CoAl__2.cif,3.909755149999988
heusler_Co2CoAl__3.cif,3.909755149999988
heusler_Co2CoAl__4.cif,3.909755149999988
heusler_Co2CoAl__5.cif,3.909755149999988
heusler_Co2CoAl__6.cif,3.909755149999988
heusler_Co2CoAl__7.cif,3.909755149999988
heusler_Co2CoAl__8.cif,3.909755149999988
heusler_Co2CoAl__9.cif,3.909755149999988
heusler_Co2CoGa__1.cif,3.949731166666642
heusler_Co2CoGa__2.cif,3.949731166666642
heusler_Co2CoGa__3.cif,3.949731166666642
heusler_Co2CoGa__4.cif,3.949731166666642
heusler_Co2CoGa__5.cif,3.949731166666642
heusler_Co2CoGa__6.cif,3.949731166666642
heusler_Co2CoGa__7.cif,3.949731166666642
heusler_Co2CoGa__8.cif,1.1651844066666623
heusler_Co2CoGa__9.cif,1.1651844066666623
heusler_Co2CoGe__1.cif,3.596721506666679
heusler_Co2CoGe__2.cif,3.596721506666679
heusler_Co2CoGe__3.cif,3.596721506666679
heusler_Co2CoGe__4.cif,3.596721506666679
heusler_Co2CoGe__5.cif,0.9074124400000003
heusler_Co2CoGe__6.cif,3.596721506666679
heusler_Co2CoGe__7.cif,0.9074124400000003
heusler_Co2CoGe__8.cif,3.596721506666679
heusler_Co2CoGe__9.cif,3.596721506666679
heusler_Co2CoSb__1.cif,1.0253543599999968
heusler_Co2CoSb__2.cif,2.8406037142857175
heusler_Co2CoSb__3.cif,2.8406037142857175
heusler_Co2CoSb__4.cif,2.8406037142857175
heusler_Co2CoSb__5.cif,2.8406037142857175
heusler_Co2CoSb__6.cif,2.8406037142857175
heusler_Co2CoSb__7.cif,2.8406037142857175
heusler_Co2CoSb__8.cif,1.0253543599999968
heusler_Co2CoSb__9.cif,1.0253543599999968
heusler_Co2CoSi__1.cif,3.137697360000017
heusler_Co2CoSi__2.cif,3.137697360000017
heusler_Co2CoSi__3.cif,3.137697360000017
heusler_Co2CoSi__4.cif,3.137697360000017
heusler_Co2CoSi__5.cif,3.137697360000017
heusler_Co2CoSi__6.cif,3.137697360000017
heusler_Co2CoSi__7.cif,3.137697360000017
heusler_Co2CoSi__8.cif,3.137697360000017
heusler_Co2CoSi__9.cif,3.137697360000017
heusler_Co2CoSn__1.cif,3.6724367809523537
heusler_Co2CoSn__2.cif,3.6724367809523537
heusler_Co2CoSn__3.cif,3.6724367809523537
heusler_Co2CoSn__4.cif,1.0070337799999987
heusler_Co2CoSn__5.cif,3.6724367809523537
heusler_Co2CoSn__6.cif,3.6724367809523537
heusler_Co2CoSn__7.cif,3.6724367809523537
heusler_Co2CoSn__8.cif,3.6724367809523537
heusler_Co2CoSn__9.cif,1.0070337799999987
heusler_Co2CrAl__1.cif,3.090010813333332
heusler_Co2CrAl__2.cif,3.090010813333332
heusler_Co2CrAl__3.cif,3.090010813333332
heusler_Co2CrAl__4.cif,3.090010813333332
heusler_Co2CrAl__5.cif,2.975429153333325
heusler_Co2CrAl__6.cif,3.090010813333332
heusler_Co2CrAl__7.cif,3.090010813333332
heusler_Co2CrAl__8.cif,3.090010813333332
heusler_Co2CrAl__9.cif,3.090010813333332
heusler_Co2CrGa__1.cif,3.098396619999986
heusler_Co2CrGa__2.cif,3.098396619999986
heusler_Co2CrGa__3.cif,3.098396619999986
heusler_Co2CrGa__4.cif,3.098396619999986
heusler_Co2CrGa__5.cif,3.098396619999986
heusler_Co2CrGa__6.cif,3.098396619999986
heusler_Co2CrGa__7.cif,3.098396619999986
heusler_Co2CrGa__8.cif,3.098396619999986
heusler_Co2CrGa__9.cif,3.098396619999986
heusler_Co2CrGe__1.cif,3.773866199999999
heusler_Co2CrGe__2.cif,3.773866199999999
heusler_Co2CrGe__3.cif,3.773866199999999
heusler_Co2CrGe__4.cif,3.773866199999999
heusler_Co2CrGe__5.cif,3.773866199999999
heusler_Co2CrGe__6.cif,3.773866199999999
heusler_Co2CrGe__7.cif,3.773866199999999
heusler_Co2CrGe__8.cif,3.773866199999999
heusler_Co2CrGe__9.cif,3.773866199999999
heusler_Co2CrSb__1.cif,4.438957733333329
heusler_Co2CrSb__2.cif,4.438957733333329
heusler_Co2CrSb__3.cif,4.438957733333329
heusler_Co2CrSb__4.cif,4.438957733333329
heusler_Co2CrSb__5.cif,4.438957733333329
heusler_Co2CrSb__6.cif,4.438957733333329
heusler_Co2CrSb__7.cif,4.438957733333329
heusler_Co2CrSb__8.cif,4.438957733333329
heusler_Co2CrSb__9.cif,4.438957733333329
heusler_Co2CrSi__1.cif,3.5169331999999978
heusler_Co2CrSi__2.cif,3.5169331999999978
heusler_Co2CrSi__3.cif,3.5169331999999978
heusler_Co2CrSi__4.cif,3.5169331999999978
heusler_Co2CrSi__5.cif,3.5169331999999978
heusler_Co2CrSi__6.cif,3.5169331999999978
heusler_Co2CrSi__7.cif,3.5169331999999978
heusler_Co2CrSi__8.cif,3.5169331999999978
heusler_Co2CrSi__9.cif,3.5169331999999978
heusler_Co2CrSn__1.cif,3.975119400000001
heusler_Co2CrSn__2.cif,3.975119400000001
heusler_Co2CrSn__3.cif,3.975119400000001
heusler_Co2CrSn__4.cif,3.975119400000001
heusler_Co2CrSn__5.cif,3.975119400000001
heusler_Co2CrSn__6.cif,3.975119400000001
heusler_Co2CrSn__7.cif,3.975119400000001
heusler_Co2CrSn__8.cif,3.975119400000001
heusler_Co2CrSn__9.cif,3.975119400000001
heusler_Co2FeAl__2.cif,4.899478433333331
heusler_Co2FeAl__3.cif,4.899478433333331
heusler_Co2FeAl__4.cif,4.899478433333331
heusler_Co2FeAl__5.cif,4.899478433333331
heusler_Co2FeAl__7.cif,4.899478433333331
heusler_Co2FeAl__9.cif,4.899478433333331
heusler_Co2FeGa__2.cif,5.241262446666678
heusler_Co2FeGa__4.cif,2.4775950690476205
heusler_Co2FeGa__5.cif,5.002745466666688
heusler_Co2FeGa__6.cif,5.241262446666678
heusler_Co2FeGa__7.cif,5.241262446666678
heusler_Co2FeGe__1.cif,5.0460478499999954
heusler_Co2FeGe__2.cif,5.0460478499999954
heusler_Co2FeGe__3.cif,5.0460478499999954
heusler_Co2FeGe__4.cif,5.0460478499999954
heusler_Co2FeGe__5.cif,5.0460478499999954
heusler_Co2FeGe__6.cif,5.0460478499999954
heusler_Co2FeGe__7.cif,5.0460478499999954
heusler_Co2FeGe__8.cif,5.0460478499999954
heusler_Co2FeGe__9.cif,5.0460478499999954
heusler_Co2FeSb__1.cif,5.054596016666667
heusler_Co2FeSb__2.cif,5.054596016666667
heusler_Co2FeSb__3.cif,5.054596016666667
heusler_Co2FeSb__4.cif,5.054596016666667
heusler_Co2FeSb__5.cif,5.054596016666667
heusler_Co2FeSb__6.cif,5.054596016666667
heusler_Co2FeSb__7.cif,5.054596016666667
heusler_Co2FeSb__8.cif,5.054596016666667
heusler_Co2FeSb__9.cif,5.054596016666667
heusler_Co2FeSi__1.cif,5.157053616666673
heusler_Co2FeSi__2.cif,5.157053616666673
heusler_Co2FeSi__3.cif,5.157053616666673
heusler_Co2FeSi__4.cif,5.157053616666673
heusler_Co2FeSi__5.cif,5.157053616666673
heusler_Co2FeSi__6.cif,5.157053616666673
heusler_Co2FeSi__7.cif,5.157053616666673
heusler_Co2FeSi__8.cif,5.157053616666673
heusler_Co2FeSi__9.cif,5.157053616666673
heusler_Co2FeSn__2.cif,5.5395657699999985
heusler_Co2FeSn__3.cif,5.5395657699999985
heusler_Co2FeSn__4.cif,5.436331216666683
heusler_Co2FeSn__6.cif,5.436331216666683
heusler_Co2FeSn__7.cif,5.436331216666683
heusler_Co2FeSn__8.cif,5.436331216666683
heusler_Co2FeSn__9.cif,5.436331216666683
heusler_Co2MnAl__1.cif,4.034116226666674
heusler_Co2MnAl__2.cif,4.034116226666674
heusler_Co2MnAl__3.cif,4.034116226666674
heusler_Co2MnAl__4.cif,4.034116226666674
heusler_Co2MnAl__5.cif,4.034116226666674
heusler_Co2MnAl__6.cif,4.034116226666674
heusler_Co2MnAl__7.cif,4.034116226666674
heusler_Co2MnAl__8.cif,4.034116226666674
heusler_Co2MnAl__9.cif,4.034116226666674
heusler_Co2MnGa__1.cif,4.190005913333333
heusler_Co2MnGa__2.cif,4.190005913333333
heusler_Co2MnGa__3.cif,4.190005913333333
heusler_Co2MnGa__4.cif,4.190005913333333
heusler_Co2MnGa__5.cif,4.190005913333333
heusler_Co2MnGa__6.cif,4.190005913333333
heusler_Co2MnGa__7.cif,4.190005913333333
heusler_Co2MnGa__8.cif,4.190005913333333
heusler_Co2MnGa__9.cif,4.190005913333333
heusler_Co2MnGe__1.cif,4.933586453333328
heusler_Co2MnGe__2.cif,4.933586453333328
heusler_Co2MnGe__3.cif,4.933586453333328
heusler_Co2MnGe__4.cif,4.933586453333328
heusler_Co2MnGe__5.cif,4.933586453333328
heusler_Co2MnGe__6.cif,4.933586453333328
heusler_Co2MnGe__7.cif,4.933586453333328
heusler_Co2MnGe__8.cif,4.933586453333328
heusler_Co2MnGe__9.cif,4.933586453333328
heusler_Co2MnSb__1.cif,5.699888929999993
heusler_Co2MnSb__2.cif,5.699888929999993
heusler_Co2MnSb__3.cif,5.699888929999993
heusler_Co2MnSb__4.cif,5.699888929999993
heusler_Co2MnSb__5.cif,5.699888929999993
heusler_Co2MnSb__6.cif,5.699888929999993
heusler_Co2MnSb__7.cif,5.699888929999993
heusler_Co2MnSb__8.cif,5.699888929999993
heusler_Co2MnSb__9.cif,5.699888929999993
heusler_Co2MnSi__1.cif,4.651027473333332
heusler_Co2MnSi__2.cif,4.651027473333332
heusler_Co2MnSi__3.cif,4.651027473333332
heusler_Co2MnSi__4.cif,4.651027473333332
heusler_Co2MnSi__5.cif,4.651027473333332
heusler_Co2MnSi__6.cif,4.651027473333332
heusler_Co2MnSi__7.cif,4.651027473333332
heusler_Co2MnSi__8.cif,4.651027473333332
heusler_Co2MnSi__9.cif,4.651027473333332
heusler_Co2MnSn__1.cif,5.027672936666641
heusler_Co2MnSn__2.cif,5.027672936666641
heusler_Co2MnSn__3.cif,5.027672936666641
heusler_Co2MnSn__4.cif,5.027672936666641
heusler_Co2MnSn__5.cif,5.027672936666641
heusler_Co2MnSn__6.cif,5.027672936666641
heusler_Co2MnSn__7.cif,5.027672936666641
heusler_Co2MnSn__8.cif,5.027672936666641
heusler_Co2MnSn__9.cif,5.027672936666641
heusler_Co2NiAl__1.cif,3.0405087200000027
heusler_Co2NiAl__2.cif,3.0405087200000027
heusler_Co2NiAl__3.cif,3.0405087200000027
heusler_Co2NiAl__4.cif,3.0405087200000027
heusler_Co2NiAl__5.cif,3.0405087200000027
heusler_Co2NiAl__6.cif,3.0405087200000027
heusler_Co2NiAl__7.cif,3.0405087200000027
heusler_Co2NiAl__8.cif,3.0405087200000027
heusler_Co2NiAl__9.cif,3.0405087200000027
heusler_Co2NiGa__1.cif,2.836515959999983
heusler_Co2NiGa__2.cif,2.836515959999983
heusler_Co2NiGa__3.cif,2.836515959999983
heusler_Co2NiGa__4.cif,2.836515959999983
heusler_Co2NiGa__5.cif,2.836515959999983
heusler_Co2NiGa__6.cif,2.836515959999983
heusler_Co2NiGa__7.cif,2.836515959999983
heusler_Co2NiGa__8.cif,2.3817814533333235
heusler_Co2NiGa__9.cif,2.836515959999983
heusler_Co2NiGe__1.cif,2.44212341333333
heusler_Co2NiGe__2.cif,2.44212341333333
heusler_Co2NiGe__3.cif,2.44212341333333
heusler_Co2NiGe__4.cif,2.44212341333333
heusler_Co2NiGe__5.cif,2.44212341333333
heusler_Co2NiGe__6.cif,2.44212341333333
heusler_Co2NiGe__7.cif,2.44212341333333
heusler_Co2NiGe__8.cif,2.44212341333333
heusler_Co2NiGe__9.cif,2.44212341333333
heusler_Co2NiSb__1.cif,1.598939256666677
heusler_Co2NiSb__2.cif,1.598939256666677
heusler_Co2NiSb__3.cif,1.598939256666677
heusler_Co2NiSb__4.cif,1.598939256666677
heusler_Co2NiSb__5.cif,1.598939256666677
heusler_Co2NiSb__6.cif,1.598939256666677
heusler_Co2NiSb__7.cif,1.598939256666677
heusler_Co2NiSb__8.cif,1.598939256666677
heusler_Co2NiSb__9.cif,1.598939256666677
heusler_Co2NiSi__1.cif,2.1816168833333327
heusler_Co2NiSi__2.cif,2.1816168833333327
heusler_Co2NiSi__3.cif,2.1816168833333327
heusler_Co2NiSi__4.cif,2.1816168833333327
heusler_Co2NiSi__5.cif,2.1816168833333327
heusler_Co2NiSi__6.cif,2.1816168833333327
heusler_Co2NiSi__7.cif,2.1816168833333327
heusler_Co2NiSi__8.cif,2.1816168833333327
heusler_Co2NiSi__9.cif,2.1816168833333327
heusler_Co2NiSn__1.cif,2.369809295714288
heusler_Co2NiSn__2.cif,2.369809295714288
heusler_Co2NiSn__3.cif,2.369809295714288
heusler_Co2NiSn__4.cif,2.369809295714288
heusler_Co2NiSn__5.cif,2.369809295714288
heusler_Co2NiSn__6.cif,2.369809295714288
heusler_Co2NiSn__7.cif,2.369809295714288
heusler_Co2NiSn__8.cif,2.369809295714288
heusler_Co2NiSn__9.cif,2.369809295714288
heusler_Co2TiAl__1.cif,1.0293984499999995
heusler_Co2TiAl__2.cif,1.0293984499999995
heusler_Co2TiAl__3.cif,1.0293984499999995
heusler_Co2TiAl__4.cif,1.0293984499999995
heusler_Co2TiAl__5.cif,1.0293984499999995
heusler_Co2TiAl__7.cif,1.0293984499999995
heusler_Co2TiAl__8.cif,1.0293984499999995
heusler_Co2TiAl__9.cif,1.0293984499999995
heusler_Co2TiGa__1.cif,1.0733687966666614
heusler_Co2TiGa__2.cif,1.0733687966666614
heusler_Co2TiGa__3.cif,1.0733687966666614
heusler_Co2TiGa__4.cif,1.0733687966666614
heusler_Co2TiGa__5.cif,1.0733687966666614
heusler_Co2TiGa__7.cif,1.0733687966666614
heusler_Co2TiGa__8.cif,1.0733687966666614
heusler_Co2TiGa__9.cif,2.166746841904762
heusler_Co2TiGe__1.cif,1.7459670399999994
heusler_Co2TiGe__2.cif,1.7459670399999994
heusler_Co2TiGe__3.cif,1.7459670399999994
heusler_Co2TiGe__4.cif,1.7459670399999994
heusler_Co2TiGe__5.cif,1.7459670399999994
heusler_Co2TiGe__6.cif,1.7459670399999994
heusler_Co2TiGe__7.cif,1.7459670399999994
heusler_Co2TiGe__8.cif,1.7459670399999994
heusler_Co2TiGe__9.cif,1.7459670399999994
heusler_Co2TiSb__1.cif,1.559504299999999
heusler_Co2TiSb__2.cif,1.559504299999999
heusler_Co2TiSb__3.cif,1.559504299999999
heusler_Co2TiSb__4.cif,1.559504299999999
heusler_Co2TiSb__5.cif,1.559504299999999
heusler_Co2TiSb__6.cif,1.559504299999999
heusler_Co2TiSb__7.cif,1.559504299999999
heusler_Co2TiSb__8.cif,1.559504299999999
heusler_Co2TiSb__9.cif,1.559504299999999
heusler_Co2TiSi__1.cif,1.6931896000000002
heusler_Co2TiSi__2.cif,1.6931896000000002
heusler_Co2TiSi__3.cif,1.6931896000000002
heusler_Co2TiSi__4.cif,1.6931896000000002
heusler_Co2TiSi__5.cif,1.7079298233333333
heusler_Co2TiSi__6.cif,1.6931896000000002
heusler_Co2TiSi__7.cif,1.6931896000000002
heusler_Co2TiSi__8.cif,1.6931896000000002
heusler_Co2TiSi__9.cif,1.6931896000000002
heusler_Co2TiSn__1.cif,1.944194499999999
heusler_Co2TiSn__2.cif,1.944194499999999
heusler_Co2TiSn__3.cif,1.944194499999999
heusler_Co2TiSn__4.cif,1.944194499999999
heusler_Co2TiSn__5.cif,1.944194499999999
heusler_Co2TiSn__6.cif,1.944194499999999
heusler_Co2TiSn__7.cif,1.944194499999999
heusler_Co2TiSn__8.cif,1.944194499999999
heusler_Co2TiSn__9.cif,1.944194499999999
heusler_Co2VAl__1.cif,1.8160348533333397
heusler_Co2VAl__2.cif,1.8160348533333397
heusler_Co2VAl__3.cif,1.8160348533333397
heusler_Co2VAl__5.cif,1.8160348533333397
heusler_Co2VAl__6.cif,1.8160348533333397
heusler_Co2VAl__7.cif,1.8160348533333397
heusler_Co2VAl__8.cif,1.8160348533333397
heusler_Co2VAl__9.cif,1.8160348533333397
heusler_Co2VGa__1.cif,0.9939785161904775
heusler_Co2VGa__2.cif,1.771075076666666
heusler_Co2VGa__3.cif,1.771075076666666
heusler_Co2VGa__4.cif,1.771075076666666
heusler_Co2VGa__5.cif,1.771075076666666
heusler_Co2VGa__6.cif,1.771075076666666
heusler_Co2VGa__7.cif,1.771075076666666
heusler_Co2VGa__8.cif,1.771075076666666
heusler_Co2VGa__9.cif,1.771075076666666
heusler_Co2VGe__1.cif,1.4053705966666648
heusler_Co2VGe__2.cif,1.4053705966666648
heusler_Co2VGe__3.cif,1.4053705966666648
heusler_Co2VGe__4.cif,1.4053705966666648
heusler_Co2VGe__5.cif,1.4053705966666648
heusler_Co2VGe__6.cif,1.4053705966666648
heusler_Co2VGe__7.cif,1.4053705966666648
heusler_Co2VGe__8.cif,1.4053705966666648
heusler_Co2VGe__9.cif,1.4053705966666648
heusler_Co2VSb__1.cif,2.799009249999983
heusler_Co2VSb__2.cif,2.799009249999983
heusler_Co2VSb__3.cif,2.799009249999983
heusler_Co2VSb__4.cif,2.799009249999983
heusler_Co2VSb__5.cif,2.799009249999983
heusler_Co2VSb__6.cif,2.799009249999983
heusler_Co2VSb__7.cif,2.799009249999983
heusler_Co2VSb__8.cif,2.799009249999983
heusler_Co2VSb__9.cif,2.799009249999983
heusler_Co2VSi__1.cif,1.35619018
heusler_Co2VSi__2.cif,1.35619018
heusler_Co2VSi__3.cif,1.35619018
heusler_Co2VSi__4.cif,1.35619018
heusler_Co2VSi__5.cif,1.35619018
heusler_Co2VSi__6.cif,1.35619018
heusler_Co2VSi__7.cif,1.35619018
heusler_Co2VSi__8.cif,1.35619018
heusler_Co2VSi__9.cif,1.35619018
heusler_Co2VSn__1.cif,2.682359016666663
heusler_Co2VSn__2.cif,2.682359016666663
heusler_Co2VSn__3.cif,2.682359016666663
heusler_Co2VSn__4.cif,2.682359016666663
heusler_Co2VSn__5.cif,2.682359016666663
heusler_Co2VSn__6.cif,2.682359016666663
heusler_Co2VSn__7.cif,2.682359016666663
heusler_Co2VSn__8.cif,2.682359016666663
heusler_Co2VSn__9.cif,2.682359016666663
heusler_Fe2CoAl__1.cif,5.115410463333324
heusler_Fe2CoAl__2.cif,5.115410463333324
heusler_Fe2CoAl__3.cif,5.115410463333324
heusler_Fe2CoAl__4.cif,5.115410463333324
heusler_Fe2CoAl__5.cif,5.115410463333324
heusler_Fe2CoAl__6.cif,5.115410463333324
heusler_Fe2CoAl__7.cif,5.115410463333324
heusler_Fe2CoAl__8.cif,5.115410463333324
heusler_Fe2CoAl__9.cif,5.115410463333324
heusler_Fe2CoGa__1.cif,5.624591963333344
heusler_Fe2CoGa__2.cif,5.624591963333344
heusler_Fe2CoGa__4.cif,5.624591963333344
heusler_Fe2CoGa__5.cif,5.624591963333344
heusler_Fe2CoGa__6.cif,5.624591963333344
heusler_Fe2CoGa__7.cif,5.624591963333344
heusler_Fe2CoGa__8.cif,5.624591963333344
heusler_Fe2CoGa__9.cif,5.624591963333344
heusler_Fe2CoGe__1.cif,5.19976362666666
heusler_Fe2CoGe__2.cif,5.19976362666666
heusler_Fe2CoGe__3.cif,5.19976362666666
heusler_Fe2CoGe__4.cif,5.19976362666666
heusler_Fe2CoGe__5.cif,5.19976362666666
heusler_Fe2CoGe__6.cif,5.19976362666666
heusler_Fe2CoGe__7.cif,5.19976362666666
heusler_Fe2CoGe__8.cif,5.19976362666666
heusler_Fe2CoGe__9.cif,5.19976362666666
heusler_Fe2CoSb__1.cif,5.596951955
heusler_Fe2CoSb__2.cif,5.596951955
heusler_Fe2CoSb__3.cif,5.596951955
heusler_Fe2CoSb__4.cif,5.596951955
heusler_Fe2CoSb__5.cif,5.596951955
heusler_Fe2CoSb__6.cif,5.596951955
heusler_Fe2CoSb__7.cif,5.596951955
heusler_Fe2CoSb__8.cif,5.596951955
heusler_Fe2CoSb__9.cif,5.596951955
heusler_Fe2CoSi__1.cif,4.96931270666666
heusler_Fe2CoSi__2.cif,4.96931270666666
heusler_Fe2CoSi__3.cif,4.96931270666666
heusler_Fe2CoSi__4.cif,4.96931270666666
heusler_Fe2CoSi__5.cif,4.96931270666666
heusler_Fe2CoSi__6.cif,4.96931270666666
heusler_Fe2CoSi__7.cif,4.96931270666666
heusler_Fe2CoSi__8.cif,4.96931270666666
heusler_Fe2CoSi__9.cif,4.96931270666666
heusler_Fe2CoSn__1.cif,5.5395657699999985
heusler_Fe2CoSn__2.cif,5.5395657699999985
heusler_Fe2CoSn__3.cif,5.5395657699999985
heusler_Fe2CoSn__4.cif,5.5395657699999985
heusler_Fe2CoSn__5.cif,5.5395657699999985
heusler_Fe2CoSn__6.cif,5.5395657699999985
heusler_Fe2CoSn__7.cif,5.5395657699999985
heusler_Fe2CoSn__8.cif,5.5395657699999985
heusler_Fe2CoSn__9.cif,5.5395657699999985
heusler_Fe2CrAl__1.cif,1.4004173966666622
heusler_Fe2CrAl__2.cif,1.4004173966666622
heusler_Fe2CrAl__3.cif,1.4004173966666622
heusler_Fe2CrAl__4.cif,1.4004173966666622
heusler_Fe2CrAl__5.cif,1.4004173966666622
heusler_Fe2CrAl__6.cif,1.4004173966666622
heusler_Fe2CrAl__7.cif,1.4004173966666622
heusler_Fe2CrAl__8.cif,1.4004173966666622
heusler_Fe2CrAl__9.cif,1.4004173966666622
heusler_Fe2CrGa__1.cif,1.5531760833333337
heusler_Fe2CrGa__2.cif,1.5531760833333337
heusler_Fe2CrGa__3.cif,1.5531760833333337
heusler_Fe2CrGa__4.cif,1.5531760833333337
heusler_Fe2CrGa__5.cif,1.5531760833333337
heusler_Fe2CrGa__6.cif,1.5531760833333337
heusler_Fe2CrGa__7.cif,1.5531760833333337
heusler_Fe2CrGa__8.cif,1.5531760833333337
heusler_Fe2CrGa__9.cif,1.5531760833333337
heusler_Fe2CrGe__1.cif,1.4478188699999985
heusler_Fe2CrGe__2.cif,1.4478188699999985
heusler_Fe2CrGe__3.cif,1.4478188699999985
heusler_Fe2CrGe__4.cif,1.4478188699999985
heusler_Fe2CrGe__5.cif,1.4478188699999985
heusler_Fe2CrGe__6.cif,1.4478188699999985
heusler_Fe2CrGe__7.cif,1.4478188699999985
heusler_Fe2CrGe__8.cif,1.4478188699999985
heusler_Fe2CrGe__9.cif,1.4478188699999985
heusler_Fe2CrSb__1.cif,2.6253558799999976
heusler_Fe2CrSb__2.cif,2.6253558799999976
heusler_Fe2CrSb__3.cif,2.6253558799999976
heusler_Fe2CrSb__4.cif,2.6253558799999976
heusler_Fe2CrSb__5.cif,2.6253558799999976
heusler_Fe2CrSb__6.cif,2.6253558799999976
heusler_Fe2CrSb__7.cif,2.6253558799999976
heusler_Fe2CrSb__8.cif,2.6253558799999976
heusler_Fe2CrSb__9.cif,2.6253558799999976
heusler_Fe2CrSi__1.cif,1.7562714333333331
heusler_Fe2CrSi__2.cif,1.7562714333333331
heusler_Fe2CrSi__3.cif,1.7562714333333331
heusler_Fe2CrSi__4.cif,1.7562714333333331
heusler_Fe2CrSi__5.cif,1.7562714333333331
heusler_Fe2CrSi__6.cif,1.7562714333333331
heusler_Fe2CrSi__7.cif,1.7562714333333331
heusler_Fe2CrSi__8.cif,1.7562714333333331
heusler_Fe2CrSi__9.cif,1.7562714333333331
heusler_Fe2CrSn__1.cif,2.0412510733333176
heusler_Fe2CrSn__2.cif,2.0412510733333176
heusler_Fe2CrSn__3.cif,2.0412510733333176
heusler_Fe2CrSn__4.cif,2.0412510733333176
heusler_Fe2CrSn__5.cif,2.0412510733333176
heusler_Fe2CrSn__6.cif,2.0412510733333176
heusler_Fe2CrSn__7.cif,2.0412510733333176
heusler_Fe2CrSn__8.cif,2.0412510733333176
heusler_Fe2CrSn__9.cif,2.0412510733333176
heusler_Fe2FeAl__1.cif,5.564574833333341
heusler_Fe2FeAl__2.cif,5.564574833333341
heusler_Fe2FeAl__3.cif,5.564574833333341
heusler_Fe2FeAl__4.cif,2.944410880000011
heusler_Fe2FeAl__6.cif,5.564574833333341
heusler_Fe2FeAl__8.cif,5.564574833333341
heusler_Fe2FeAl__9.cif,5.564574833333341
heusler_Fe2FeGa__1.cif,6.275550516666713
heusler_Fe2FeGa__2.cif,6.275550516666713
heusler_Fe2FeGa__3.cif,2.2310882466666637
heusler_Fe2FeGa__4.cif,6.275550516666713
heusler_Fe2FeGa__5.cif,6.275550516666713
heusler_Fe2FeGa__6.cif,6.275550516666713
heusler_Fe2FeGa__7.cif,6.275550516666713
heusler_Fe2FeGa__9.cif,6.275550516666713
heusler_Fe2FeGe__1.cif,5.631047893333333
heusler_Fe2FeGe__2.cif,5.631047893333333
heusler_Fe2FeGe__3.cif,2.7190300397619045
heusler_Fe2FeGe__4.cif,2.7190300397619045
heusler_Fe2FeGe__5.cif,2.7190300397619045
heusler_Fe2FeGe__6.cif,5.631047893333333
heusler_Fe2FeGe__7.cif,5.631047893333333
heusler_Fe2FeGe__8.cif,5.631047893333333
heusler_Fe2FeGe__9.cif,5.631047893333333
heusler_Fe2FeSb__1.cif,3.060797886666668
heusler_Fe2FeSb__2.cif,3.060797886666668
heusler_Fe2FeSb__3.cif,3.060797886666668
heusler_Fe2FeSb__4.cif,3.060797886666668
heusler_Fe2FeSb__5.cif,3.060797886666668
heusler_Fe2FeSb__6.cif,3.382304950000002
heusler_Fe2FeSb__7.cif,5.993054703333315
heusler_Fe2FeSb__8.cif,3.060797886666668
heusler_Fe2FeSb__9.cif,3.060797886666668
heusler_Fe2FeSi__1.cif,5.091444523333331
heusler_Fe2FeSi__2.cif,5.091444523333331
heusler_Fe2FeSi__3.cif,5.091444523333331
heusler_Fe2FeSi__4.cif,5.091444523333331
heusler_Fe2FeSi__5.cif,5.091444523333331
heusler_Fe2FeSi__6.cif,2.6194348733333177
heusler_Fe2FeSi__7.cif,5.091444523333331
heusler_Fe2FeSi__8.cif,5.091444523333331
heusler_Fe2FeSi__9.cif,5.091444523333331
heusler_Fe2FeSn__1.cif,2.7360815333333335
heusler_Fe2FeSn__2.cif,2.7360815333333335
heusler_Fe2FeSn__3.cif,6.202054383333338
heusler_Fe2FeSn__4.cif,2.7360815333333335
heusler_Fe2FeSn__5.cif,6.202054383333338
heusler_Fe2FeSn__6.cif,2.7360815333333335
heusler_Fe2FeSn__7.cif,6.202054383333338
heusler_Fe2FeSn__8.cif,2.7360815333333335
heusler_Fe2FeSn__9.cif,2.7360815333333335
heusler_Fe2MnAl__1.cif,0.8720935899999919
heusler_Fe2MnAl__2.cif,0.8720935899999919
heusler_Fe2MnAl__3.cif,0.8720935899999919
heusler_Fe2MnAl__4.cif,0.8720935899999919
heusler_Fe2MnAl__5.cif,0.8720935899999919
heusler_Fe2MnAl__6.cif,0.8720935899999919
heusler_Fe2MnAl__7.cif,0.8720935899999919
heusler_Fe2MnAl__8.cif,0.8720935899999919
heusler_Fe2MnAl__9.cif,0.8720935899999919
heusler_Fe2MnGa__1.cif,2.038031833333341
heusler_Fe2MnGa__2.cif,2.038031833333341
heusler_Fe2MnGa__3.cif,2.038031833333341
heusler_Fe2MnGa__4.cif,2.038031833333341
heusler_Fe2MnGa__5.cif,2.038031833333341
heusler_Fe2MnGa__6.cif,2.038031833333341
heusler_Fe2MnGa__7.cif,2.038031833333341
heusler_Fe2MnGa__8.cif,2.038031833333341
heusler_Fe2MnGa__9.cif,2.038031833333341
heusler_Fe2MnGe__1.cif,3.362747933333342
heusler_Fe2MnGe__2.cif,3.362747933333342
heusler_Fe2MnGe__3.cif,3.362747933333342
heusler_Fe2MnGe__4.cif,3.362747933333342
heusler_Fe2MnGe__5.cif,3.362747933333342
heusler_Fe2MnGe__6.cif,3.362747933333342
heusler_Fe2MnGe__7.cif,3.362747933333342
heusler_Fe2MnGe__8.cif,3.362747933333342
heusler_Fe2MnGe__9.cif,3.362747933333342
heusler_Fe2MnSb__1.cif,4.594954910476194
heusler_Fe2MnSb__2.cif,4.594954910476194
heusler_Fe2MnSb__3.cif,4.594954910476194
heusler_Fe2MnSb__4.cif,4.594954910476194
heusler_Fe2MnSb__5.cif,4.594954910476194
heusler_Fe2MnSb__6.cif,4.594954910476194
heusler_Fe2MnSb__7.cif,4.594954910476194
heusler_Fe2MnSb__8.cif,4.594954910476194
heusler_Fe2MnSb__9.cif,4.594954910476194
heusler_Fe2MnSi__1.cif,2.9711108833333313
heusler_Fe2MnSi__2.cif,2.9711108833333313
heusler_Fe2MnSi__3.cif,2.9711108833333313
heusler_Fe2MnSi__4.cif,2.9711108833333313
heusler_Fe2MnSi__5.cif,2.9711108833333313
heusler_Fe2MnSi__6.cif,2.9711108833333313
heusler_Fe2MnSi__7.cif,2.9711108833333313
heusler_Fe2MnSi__8.cif,2.9711108833333313
heusler_Fe2MnSi__9.cif,2.9711108833333313
heusler_Fe2MnSn__1.cif,4.767293916666678
heusler_Fe2MnSn__3.cif,4.767293916666678
heusler_Fe2MnSn__4.cif,4.767293916666678
heusler_Fe2MnSn__5.cif,4.767293916666678
heusler_Fe2MnSn__6.cif,4.767293916666678
heusler_Fe2MnSn__7.cif,4.767293916666678
heusler_Fe2MnSn__8.cif,4.767293916666678
heusler_Fe2MnSn__9.cif,4.767293916666678
heusler_Fe2NiAl__1.cif,4.636517161904755
heusler_Fe2NiAl__2.cif,4.636517161904755
heusler_Fe2NiAl__3.cif,4.636517161904755
heusler_Fe2NiAl__4.cif,4.636517161904755
heusler_Fe2NiAl__5.cif,4.636517161904755
heusler_Fe2NiAl__6.cif,4.636517161904755
heusler_Fe2NiAl__7.cif,4.636517161904755
heusler_Fe2NiAl__8.cif,4.636517161904755
heusler_Fe2NiAl__9.cif,4.636517161904755
heusler_Fe2NiGa__1.cif,4.801016442857153
heusler_Fe2NiGa__2.cif,4.801016442857153
heusler_Fe2NiGa__3.cif,4.801016442857153
heusler_Fe2NiGa__4.cif,4.801016442857153
heusler_Fe2NiGa__5.cif,4.801016442857153
heusler_Fe2NiGa__6.cif,4.801016442857153
heusler_Fe2NiGa__7.cif,4.801016442857153
heusler_Fe2NiGa__8.cif,4.801016442857153
heusler_Fe2NiGa__9.cif,4.801016442857153
heusler_Fe2NiGe__1.cif,4.870610483333324
heusler_Fe2NiGe__2.cif,4.870610483333324
heusler_Fe2NiGe__3.cif,4.870610483333324
heusler_Fe2NiGe__4.cif,4.870610483333324
heusler_Fe2NiGe__5.cif,4.870610483333324
heusler_Fe2NiGe__6.cif,4.870610483333324
heusler_Fe2NiGe__7.cif,4.870610483333324
heusler_Fe2NiGe__8.cif,4.870610483333324
heusler_Fe2NiGe__9.cif,4.870610483333324
heusler_Fe2NiSb__1.cif,5.226164100000023
heusler_Fe2NiSb__2.cif,5.226164100000023
heusler_Fe2NiSb__3.cif,5.226164100000023
heusler_Fe2NiSb__4.cif,5.226164100000023
heusler_Fe2NiSb__5.cif,5.226164100000023
heusler_Fe2NiSb__6.cif,5.226164100000023
heusler_Fe2NiSb__7.cif,5.226164100000023
heusler_Fe2NiSb__8.cif,5.226164100000023
heusler_Fe2NiSb__9.cif,5.226164100000023
heusler_Fe2NiSi__1.cif,4.600778164285724
heusler_Fe2NiSi__2.cif,4.600778164285724
heusler_Fe2NiSi__3.cif,4.600778164285724
heusler_Fe2NiSi__4.cif,4.600778164285724
heusler_Fe2NiSi__5.cif,4.600778164285724
heusler_Fe2NiSi__6.cif,4.600778164285724
heusler_Fe2NiSi__7.cif,4.600778164285724
heusler_Fe2NiSi__8.cif,4.600778164285724
heusler_Fe2NiSi__9.cif,4.600778164285724
heusler_Fe2NiSn__1.cif,5.06608035000003
heusler_Fe2NiSn__2.cif,5.06608035000003
heusler_Fe2NiSn__3.cif,5.06608035000003
heusler_Fe2NiSn__4.cif,5.06608035000003
heusler_Fe2NiSn__5.cif,5.06608035000003
heusler_Fe2NiSn__6.cif,5.06608035000003
heusler_Fe2NiSn__7.cif,5.06608035000003
heusler_Fe2NiSn__8.cif,5.06608035000003
heusler_Fe2NiSn__9.cif,5.06608035000003
heusler_Fe2TiAl__1.cif,0.9784608000000057
heusler_Fe2TiAl__2.cif,0.9784608000000057
heusler_Fe2TiAl__3.cif,0.9784608000000057
heusler_Fe2TiAl__4.cif,0.9784608000000057
heusler_Fe2TiAl__5.cif,0.9784608000000057
heusler_Fe2TiAl__7.cif,0.9784608000000057
heusler_Fe2TiAl__8.cif,0.9784608000000057
heusler_Fe2TiAl__9.cif,0.9784608000000057
heusler_Fe2TiGa__1.cif,0.9047472333333286
heusler_Fe2TiGa__2.cif,0.9047472333333286
heusler_Fe2TiGa__3.cif,0.9047472333333286
heusler_Fe2TiGa__4.cif,0.9047472333333286
heusler_Fe2TiGa__5.cif,0.9047472333333286
heusler_Fe2TiGa__6.cif,0.9047472333333286
heusler_Fe2TiGa__7.cif,0.9047472333333286
heusler_Fe2TiGa__8.cif,0.9047472333333286
heusler_Fe2TiGa__9.cif,0.9047472333333286
heusler_Fe2TiGe__1.cif,0.1821582066666668
heusler_Fe2TiGe__2.cif,0.1821582066666668
heusler_Fe2TiGe__3.cif,0.1821582066666668
heusler_Fe2TiGe__4.cif,0.1821582066666668
heusler_Fe2TiGe__5.cif,0.1821582066666668
heusler_Fe2TiGe__6.cif,0.1821582066666668
heusler_Fe2TiGe__7.cif,0.1821582066666668
heusler_Fe2TiGe__8.cif,0.1821582066666668
heusler_Fe2TiGe__9.cif,0.1821582066666668
heusler_Fe2TiSb__1.cif,0.9154748833333358
heusler_Fe2TiSb__2.cif,0.9154748833333358
heusler_Fe2TiSb__3.cif,0.9154748833333358
heusler_Fe2TiSb__4.cif,0.9154748833333358
heusler_Fe2TiSb__5.cif,0.9154748833333358
heusler_Fe2TiSb__6.cif,0.9154748833333358
heusler_Fe2TiSb__7.cif,0.9154748833333358
heusler_Fe2TiSb__8.cif,0.9154748833333358
heusler_Fe2TiSb__9.cif,0.9154748833333358
heusler_Fe2TiSi__1.cif,0.18439101904761906
heusler_Fe2TiSi__2.cif,0.18439101904761906
heusler_Fe2TiSi__3.cif,0.18439101904761906
heusler_Fe2TiSi__4.cif,0.18439101904761906
heusler_Fe2TiSi__5.cif,0.18439101904761906
heusler_Fe2TiSi__6.cif,0.18439101904761906
heusler_Fe2TiSi__7.cif,0.18439101904761906
heusler_Fe2TiSi__8.cif,0.18439101904761906
heusler_Fe2TiSi__9.cif,0.18439101904761906
heusler_Fe2TiSn__1.cif,0.2723315666666656
heusler_Fe2TiSn__2.cif,0.2723315666666656
heusler_Fe2TiSn__3.cif,0.2723315666666656
heusler_Fe2TiSn__4.cif,0.2723315666666656
heusler_Fe2TiSn__5.cif,0.2723315666666656
heusler_Fe2TiSn__6.cif,0.2723315666666656
heusler_Fe2TiSn__7.cif,0.2723315666666656
heusler_Fe2TiSn__8.cif,0.2723315666666656
heusler_Fe2TiSn__9.cif,0.2723315666666656
heusler_Fe2VAl__1.cif,0.39858004999999996
heusler_Fe2VAl__2.cif,0.39858004999999996
heusler_Fe2VAl__3.cif,0.39858004999999996
heusler_Fe2VAl__4.cif,0.39858004999999996
heusler_Fe2VAl__5.cif,0.39858004999999996
heusler_Fe2VAl__6.cif,0.39858004999999996
heusler_Fe2VAl__7.cif,0.39858004999999996
heusler_Fe2VAl__8.cif,0.39858004999999996
heusler_Fe2VAl__9.cif,0.39858004999999996
heusler_Fe2VGa__1.cif,0.2876099333333334
heusler_Fe2VGa__2.cif,0.2876099333333334
heusler_Fe2VGa__3.cif,0.2876099333333334
heusler_Fe2VGa__4.cif,0.2876099333333334
heusler_Fe2VGa__5.cif,0.2876099333333334
heusler_Fe2VGa__6.cif,0.2876099333333334
heusler_Fe2VGa__7.cif,0.2876099333333334
heusler_Fe2VGa__8.cif,0.2876099333333334
heusler_Fe2VGa__9.cif,0.2876099333333334
heusler_Fe2VGe__1.cif,0.7180288266666678
heusler_Fe2VGe__2.cif,0.7180288266666678
heusler_Fe2VGe__3.cif,0.7180288266666678
heusler_Fe2VGe__4.cif,0.7180288266666678
heusler_Fe2VGe__5.cif,0.7180288266666678
heusler_Fe2VGe__6.cif,0.7180288266666678
heusler_Fe2VGe__7.cif,0.7180288266666678
heusler_Fe2VGe__8.cif,0.7180288266666678
heusler_Fe2VGe__9.cif,0.7180288266666678
heusler_Fe2VSb__1.cif,1.0505715066666674
heusler_Fe2VSb__2.cif,1.0505715066666674
heusler_Fe2VSb__3.cif,1.0505715066666674
heusler_Fe2VSb__4.cif,1.0505715066666674
heusler_Fe2VSb__5.cif,1.0505715066666674
heusler_Fe2VSb__6.cif,1.0505715066666674
heusler_Fe2VSb__7.cif,1.0505715066666674
heusler_Fe2VSb__8.cif,1.0505715066666674
heusler_Fe2VSb__9.cif,1.0505715066666674
heusler_Fe2VSi__1.cif,0.7347057100000046
heusler_Fe2VSi__2.cif,0.7347057100000046
heusler_Fe2VSi__3.cif,0.7347057100000046
heusler_Fe2VSi__4.cif,0.7347057100000046
heusler_Fe2VSi__5.cif,0.7347057100000046
heusler_Fe2VSi__6.cif,0.7347057100000046
heusler_Fe2VSi__7.cif,0.7347057100000046
heusler_Fe2VSi__8.cif,0.7347057100000046
heusler_Fe2VSi__9.cif,0.7347057100000046
heusler_Fe2VSn__1.cif,0.8392807261904792
heusler_Fe2VSn__2.cif,0.8392807261904792
heusler_Fe2VSn__3.cif,0.8392807261904792
heusler_Fe2VSn__4.cif,0.8392807261904792
heusler_Fe2VSn__5.cif,0.8392807261904792
heusler_Fe2VSn__6.cif,0.8392807261904792
heusler_Fe2VSn__7.cif,0.8392807261904792
heusler_Fe2VSn__8.cif,0.8392807261904792
heusler_Fe2VSn__9.cif,0.8392807261904792
heusler_Mn2CoAl__1.cif,2.8842703599999955
heusler_Mn2CoAl__2.cif,2.8842703599999955
heusler_Mn2CoAl__3.cif,2.8842703599999955
heusler_Mn2CoAl__4.cif,2.8842703599999955
heusler_Mn2CoAl__5.cif,2.8842703599999955
heusler_Mn2CoAl__6.cif,2.8842703599999955
heusler_Mn2CoAl__7.cif,2.8842703599999955
heusler_Mn2CoAl__8.cif,2.8842703599999955
heusler_Mn2CoAl__9.cif,2.8842703599999955
heusler_Mn2CoGa__1.cif,2.701328946666666
heusler_Mn2CoGa__2.cif,2.701328946666666
heusler_Mn2CoGa__3.cif,2.701328946666666
heusler_Mn2CoGa__4.cif,2.701328946666666
heusler_Mn2CoGa__5.cif,2.701328946666666
heusler_Mn2CoGa__6.cif,2.701328946666666
heusler_Mn2CoGa__7.cif,2.701328946666666
heusler_Mn2CoGa__8.cif,2.701328946666666
heusler_Mn2CoGa__9.cif,2.701328946666666
heusler_Mn2CoGe__1.cif,4.946106256666678
heusler_Mn2CoGe__2.cif,4.946106256666678
heusler_Mn2CoGe__3.cif,4.946106256666678
heusler_Mn2CoGe__4.cif,4.946106256666678
heusler_Mn2CoGe__5.cif,4.946106256666678
heusler_Mn2CoGe__6.cif,4.946106256666678
heusler_Mn2CoGe__7.cif,4.946106256666678
heusler_Mn2CoGe__8.cif,4.946106256666678
heusler_Mn2CoGe__9.cif,4.946106256666678
heusler_Mn2CoSb__1.cif,5.419608238095224
heusler_Mn2CoSb__2.cif,5.419608238095224
heusler_Mn2CoSb__3.cif,5.419608238095224
heusler_Mn2CoSb__4.cif,5.419608238095224
heusler_Mn2CoSb__5.cif,5.419608238095224
heusler_Mn2CoSb__6.cif,5.419608238095224
heusler_Mn2CoSb__7.cif,5.419608238095224
heusler_Mn2CoSb__8.cif,5.419608238095224
heusler_Mn2CoSb__9.cif,5.419608238095224
heusler_Mn2CoSi__1.cif,2.627359209047617
heusler_Mn2CoSi__2.cif,2.627359209047617
heusler_Mn2CoSi__3.cif,2.627359209047617
heusler_Mn2CoSi__4.cif,2.627359209047617
heusler_Mn2CoSi__5.cif,2.627359209047617
heusler_Mn2CoSi__6.cif,2.627359209047617
heusler_Mn2CoSi__7.cif,2.627359209047617
heusler_Mn2CoSi__8.cif,2.627359209047617
heusler_Mn2CoSi__9.cif,2.627359209047617
heusler_Mn2CoSn__1.cif,4.506456445238121
heusler_Mn2CoSn__2.cif,4.506456445238121
heusler_Mn2CoSn__3.cif,4.506456445238121
heusler_Mn2CoSn__4.cif,4.506456445238121
heusler_Mn2CoSn__5.cif,4.506456445238121
heusler_Mn2CoSn__6.cif,4.506456445238121
heusler_Mn2CoSn__7.cif,4.506456445238121
heusler_Mn2CoSn__8.cif,4.506456445238121
heusler_Mn2CoSn__9.cif,4.506456445238121
heusler_Mn2CrAl__1.cif,1.9275421523809602
heusler_Mn2CrAl__2.cif,1.9275421523809602
heusler_Mn2CrAl__3.cif,1.9275421523809602
heusler_Mn2CrAl__4.cif,1.9275421523809602
heusler_Mn2CrAl__5.cif,1.9275421523809602
heusler_Mn2CrAl__6.cif,1.9275421523809602
heusler_Mn2CrAl__7.cif,1.9275421523809602
heusler_Mn2CrAl__8.cif,1.9275421523809602
heusler_Mn2CrAl__9.cif,1.9275421523809602
heusler_Mn2CrGa__1.cif,2.4588542799999877
heusler_Mn2CrGa__2.cif,2.4588542799999877
heusler_Mn2CrGa__3.cif,2.4588542799999877
heusler_Mn2CrGa__4.cif,2.4588542799999877
heusler_Mn2CrGa__5.cif,2.4588542799999877
heusler_Mn2CrGa__6.cif,2.4588542799999877
heusler_Mn2CrGa__7.cif,2.4588542799999877
heusler_Mn2CrGa__8.cif,2.4588542799999877
heusler_Mn2CrGa__9.cif,2.4588542799999877
heusler_Mn2CrGe__1.cif,0.27042715333333517
heusler_Mn2CrGe__2.cif,0.27042715333333517
heusler_Mn2CrGe__3.cif,0.27042715333333517
heusler_Mn2CrGe__4.cif,0.27042715333333517
heusler_Mn2CrGe__5.cif,0.27042715333333517
heusler_Mn2CrGe__6.cif,0.27042715333333517
heusler_Mn2CrGe__7.cif,0.27042715333333517
heusler_Mn2CrGe__8.cif,0.27042715333333517
heusler_Mn2CrGe__9.cif,0.27042715333333517
heusler_Mn2CrSb__1.cif,1.0617978800000025
heusler_Mn2CrSb__2.cif,1.0617978800000025
heusler_Mn2CrSb__3.cif,1.0617978800000025
heusler_Mn2CrSb__4.cif,1.0617978800000025
heusler_Mn2CrSb__5.cif,1.0617978800000025
heusler_Mn2CrSb__6.cif,1.0617978800000025
heusler_Mn2CrSb__7.cif,1.0617978800000025
heusler_Mn2CrSb__8.cif,1.0617978800000025
heusler_Mn2CrSb__9.cif,1.0617978800000025
heusler_Mn2CrSi__1.cif,0.7005647606349219
heusler_Mn2CrSi__2.cif,0.7005647606349219
heusler_Mn2CrSi__3.cif,0.7005647606349219
heusler_Mn2CrSi__4.cif,0.7005647606349219
heusler_Mn2CrSi__5.cif,0.7005647606349219
heusler_Mn2CrSi__6.cif,0.7005647606349219
heusler_Mn2CrSi__7.cif,0.7005647606349219
heusler_Mn2CrSi__8.cif,0.7005647606349219
heusler_Mn2CrSi__9.cif,0.7005647606349219
heusler_Mn2CrSn__1.cif,1.5723769223809583
heusler_Mn2CrSn__2.cif,1.5723769223809583
heusler_Mn2CrSn__3.cif,1.5723769223809583
heusler_Mn2CrSn__4.cif,1.5723769223809583
heusler_Mn2CrSn__5.cif,1.5723769223809583
heusler_Mn2CrSn__6.cif,1.5723769223809583
heusler_Mn2CrSn__7.cif,1.5723769223809583
heusler_Mn2CrSn__8.cif,1.5723769223809583
heusler_Mn2CrSn__9.cif,1.5723769223809583
heusler_Mn2FeAl__1.cif,3.0007229342857045
heusler_Mn2FeAl__2.cif,3.0007229342857045
heusler_Mn2FeAl__3.cif,3.0007229342857045
heusler_Mn2FeAl__4.cif,3.0007229342857045
heusler_Mn2FeAl__5.cif,3.0007229342857045
heusler_Mn2FeAl__6.cif,3.0007229342857045
heusler_Mn2FeAl__7.cif,3.0007229342857045
heusler_Mn2FeAl__8.cif,3.0007229342857045
heusler_Mn2FeAl__9.cif,3.0007229342857045
heusler_Mn2FeGa__1.cif,4.000756830000001
heusler_Mn2FeGa__2.cif,4.000756830000001
heusler_Mn2FeGa__3.cif,4.000756830000001
heusler_Mn2FeGa__4.cif,4.000756830000001
heusler_Mn2FeGa__5.cif,4.000756830000001
heusler_Mn2FeGa__6.cif,4.000756830000001
heusler_Mn2FeGa__7.cif,4.000756830000001
heusler_Mn2FeGa__8.cif,4.000756830000001
heusler_Mn2FeGa__9.cif,4.000756830000001
heusler_Mn2FeGe__1.cif,5.318963762380963
heusler_Mn2FeGe__2.cif,5.318963762380963
heusler_Mn2FeGe__3.cif,5.318963762380963
heusler_Mn2FeGe__4.cif,5.318963762380963
heusler_Mn2FeGe__5.cif,5.318963762380963
heusler_Mn2FeGe__6.cif,5.318963762380963
heusler_Mn2FeGe__7.cif,5.318963762380963
heusler_Mn2FeGe__8.cif,5.318963762380963
heusler_Mn2FeGe__9.cif,5.318963762380963
heusler_Mn2FeSb__1.cif,4.934968193809525
heusler_Mn2FeSb__2.cif,4.934968193809525
heusler_Mn2FeSb__3.cif,4.934968193809525
heusler_Mn2FeSb__4.cif,4.934968193809525
heusler_Mn2FeSb__5.cif,4.934968193809525
heusler_Mn2FeSb__6.cif,4.934968193809525
heusler_Mn2FeSb__7.cif,4.934968193809525
heusler_Mn2FeSb__8.cif,4.934968193809525
heusler_Mn2FeSb__9.cif,4.934968193809525
heusler_Mn2FeSi__1.cif,2.5272114500000002
heusler_Mn2FeSi__2.cif,2.5272114500000002
heusler_Mn2FeSi__3.cif,2.5272114500000002
heusler_Mn2FeSi__4.cif,2.5272114500000002
heusler_Mn2FeSi__5.cif,2.5272114500000002
heusler_Mn2FeSi__6.cif,2.5272114500000002
heusler_Mn2FeSi__7.cif,2.5272114500000002
heusler_Mn2FeSi__8.cif,2.5272114500000002
heusler_Mn2FeSi__9.cif,2.5272114500000002
heusler_Mn2FeSn__1.cif,4.655755949047613
heusler_Mn2FeSn__2.cif,4.655755949047613
heusler_Mn2FeSn__3.cif,4.655755949047613
heusler_Mn2FeSn__4.cif,4.655755949047613
heusler_Mn2FeSn__5.cif,4.655755949047613
heusler_Mn2FeSn__6.cif,4.655755949047613
heusler_Mn2FeSn__7.cif,4.655755949047613
heusler_Mn2FeSn__8.cif,4.655755949047613
heusler_Mn2FeSn__9.cif,4.655755949047613
heusler_Mn2MnAl__1.cif,1.9822225666666577
heusler_Mn2MnAl__2.cif,1.9822225666666577
heusler_Mn2MnAl__3.cif,1.9822225666666577
heusler_Mn2MnAl__4.cif,1.9822225666666577
heusler_Mn2MnAl__5.cif,1.9822225666666577
heusler_Mn2MnAl__6.cif,1.9822225666666577
heusler_Mn2MnAl__7.cif,1.9822225666666577
heusler_Mn2MnAl__8.cif,1.9822225666666577
heusler_Mn2MnAl__9.cif,1.9822225666666577
heusler_Mn2MnGa__1.cif,1.7530736599999923
heusler_Mn2MnGa__2.cif,1.7530736599999923
heusler_Mn2MnGa__3.cif,1.7530736599999923
heusler_Mn2MnGa__4.cif,1.7530736599999923
heusler_Mn2MnGa__5.cif,1.7530736599999923
heusler_Mn2MnGa__6.cif,1.7530736599999923
heusler_Mn2MnGa__7.cif,1.434342619999999
heusler_Mn2MnGa__8.cif,1.7530736599999923
heusler_Mn2MnGa__9.cif,1.7530736599999923
heusler_Mn2MnGe__1.cif,2.0396424066666645
heusler_Mn2MnGe__2.cif,2.0396424066666645
heusler_Mn2MnGe__3.cif,2.0396424066666645
heusler_Mn2MnGe__4.cif,2.0396424066666645
heusler_Mn2MnGe__5.cif,2.0396424066666645
heusler_Mn2MnGe__7.cif,2.0396424066666645
heusler_Mn2MnGe__8.cif,2.0396424066666645
heusler_Mn2MnGe__9.cif,2.0396424066666645
heusler_Mn2MnSb__1.cif,3.03674089666667
heusler_Mn2MnSb__2.cif,3.03674089666667
heusler_Mn2MnSb__3.cif,3.03674089666667
heusler_Mn2MnSb__4.cif,3.03674089666667
heusler_Mn2MnSb__5.cif,3.03674089666667
heusler_Mn2MnSb__6.cif,1.5900325833333355
heusler_Mn2MnSb__7.cif,1.5900325833333355
heusler_Mn2MnSb__8.cif,1.5900325833333355
heusler_Mn2MnSi__1.cif,1.2561629933333334
heusler_Mn2MnSi__2.cif,1.2561629933333334
heusler_Mn2MnSi__3.cif,1.2561629933333334
heusler_Mn2MnSi__4.cif,1.2561629933333334
heusler_Mn2MnSi__5.cif,1.2561629933333334
heusler_Mn2MnSi__6.cif,1.2561629933333334
heusler_Mn2MnSi__7.cif,1.2561629933333334
heusler_Mn2MnSi__8.cif,1.2561629933333334
heusler_Mn2MnSi__9.cif,1.2561629933333334
heusler_Mn2MnSn__1.cif,2.8656502066666643
heusler_Mn2MnSn__2.cif,1.3247607899999965
heusler_Mn2MnSn__3.cif,2.8656502066666643
heusler_Mn2MnSn__4.cif,1.3247607899999965
heusler_Mn2MnSn__5.cif,2.8656502066666643
heusler_Mn2MnSn__6.cif,1.3247607899999965
heusler_Mn2MnSn__7.cif,2.8656502066666643
heusler_Mn2MnSn__8.cif,1.3247607899999965
heusler_Mn2MnSn__9.cif,2.8656502066666643
heusler_Mn2NiAl__1.cif,3.6460077099999944
heusler_Mn2NiAl__2.cif,3.6460077099999944
heusler_Mn2NiAl__3.cif,3.6460077099999944
heusler_Mn2NiAl__4.cif,3.6460077099999944
heusler_Mn2NiAl__5.cif,3.6460077099999944
heusler_Mn2NiAl__6.cif,3.6460077099999944
heusler_Mn2NiAl__7.cif,3.6460077099999944
heusler_Mn2NiAl__8.cif,3.6460077099999944
heusler_Mn2NiAl__9.cif,3.6460077099999944
heusler_Mn2NiGa__1.cif,1.3037065833333368
heusler_Mn2NiGa__2.cif,1.3037065833333368
heusler_Mn2NiGa__3.cif,1.3037065833333368
heusler_Mn2NiGa__4.cif,1.3037065833333368
heusler_Mn2NiGa__5.cif,1.3037065833333368
heusler_Mn2NiGa__6.cif,1.3037065833333368
heusler_Mn2NiGa__7.cif,1.3037065833333368
heusler_Mn2NiGa__8.cif,1.3037065833333368
heusler_Mn2NiGa__9.cif,1.3037065833333368
heusler_Mn2NiGe__1.cif,3.053225132619048
heusler_Mn2NiGe__2.cif,3.053225132619048
heusler_Mn2NiGe__3.cif,3.053225132619048
heusler_Mn2NiGe__4.cif,3.053225132619048
heusler_Mn2NiGe__5.cif,3.053225132619048
heusler_Mn2NiGe__6.cif,3.053225132619048
heusler_Mn2NiGe__7.cif,3.053225132619048
heusler_Mn2NiGe__8.cif,3.053225132619048
heusler_Mn2NiGe__9.cif,3.053225132619048
heusler_Mn2NiSb__1.cif,5.183243868095241
heusler_Mn2NiSb__2.cif,5.183243868095241
heusler_Mn2NiSb__3.cif,5.183243868095241
heusler_Mn2NiSb__4.cif,5.183243868095241
heusler_Mn2NiSb__5.cif,5.183243868095241
heusler_Mn2NiSb__6.cif,5.183243868095241
heusler_Mn2NiSb__7.cif,5.183243868095241
heusler_Mn2NiSb__8.cif,5.183243868095241
heusler_Mn2NiSb__9.cif,5.183243868095241
heusler_Mn2NiSi__1.cif,1.4038872699999914
heusler_Mn2NiSi__2.cif,1.4038872699999914
heusler_Mn2NiSi__3.cif,1.4038872699999914
heusler_Mn2NiSi__4.cif,1.4038872699999914
heusler_Mn2NiSi__5.cif,1.4038872699999914
heusler_Mn2NiSi__6.cif,1.4038872699999914
heusler_Mn2NiSi__7.cif,1.4038872699999914
heusler_Mn2NiSi__8.cif,1.4038872699999914
heusler_Mn2NiSi__9.cif,1.4038872699999914
heusler_Mn2NiSn__1.cif,3.290598082380954
heusler_Mn2NiSn__2.cif,3.290598082380954
heusler_Mn2NiSn__3.cif,3.290598082380954
heusler_Mn2NiSn__4.cif,3.290598082380954
heusler_Mn2NiSn__5.cif,3.290598082380954
heusler_Mn2NiSn__6.cif,3.290598082380954
heusler_Mn2NiSn__7.cif,3.290598082380954
heusler_Mn2NiSn__8.cif,3.290598082380954
heusler_Mn2NiSn__9.cif,3.290598082380954
heusler_Mn2TiAl__1.cif,2.9344015999999855
heusler_Mn2TiAl__2.cif,2.9344015999999855
heusler_Mn2TiAl__3.cif,2.9344015999999855
heusler_Mn2TiAl__4.cif,2.9344015999999855
heusler_Mn2TiAl__5.cif,2.9344015999999855
heusler_Mn2TiAl__6.cif,2.9344015999999855
heusler_Mn2TiAl__7.cif,2.9344015999999855
heusler_Mn2TiAl__8.cif,2.9344015999999855
heusler_Mn2TiAl__9.cif,2.9344015999999855
heusler_Mn2TiGa__1.cif,3.0260748000000155
heusler_Mn2TiGa__2.cif,3.0260748000000155
heusler_Mn2TiGa__3.cif,3.0260748000000155
heusler_Mn2TiGa__4.cif,3.0260748000000155
heusler_Mn2TiGa__5.cif,3.0260748000000155
heusler_Mn2TiGa__6.cif,3.0260748000000155
heusler_Mn2TiGa__7.cif,3.0260748000000155
heusler_Mn2TiGa__8.cif,3.0260748000000155
heusler_Mn2TiGa__9.cif,3.0260748000000155
heusler_Mn2TiGe__1.cif,2.0319309833333223
heusler_Mn2TiGe__2.cif,2.0319309833333223
heusler_Mn2TiGe__3.cif,2.0319309833333223
heusler_Mn2TiGe__4.cif,2.0319309833333223
heusler_Mn2TiGe__5.cif,2.0319309833333223
heusler_Mn2TiGe__6.cif,2.0319309833333223
heusler_Mn2TiGe__7.cif,2.0319309833333223
heusler_Mn2TiGe__8.cif,2.0319309833333223
heusler_Mn2TiGe__9.cif,2.0319309833333223
heusler_Mn2TiSb__1.cif,0.9699261533333344
heusler_Mn2TiSb__2.cif,0.9699261533333344
heusler_Mn2TiSb__3.cif,0.9699261533333344
heusler_Mn2TiSb__4.cif,0.9699261533333344
heusler_Mn2TiSb__5.cif,0.9699261533333344
heusler_Mn2TiSb__6.cif,0.9699261533333344
heusler_Mn2TiSb__7.cif,0.9699261533333344
heusler_Mn2TiSb__8.cif,0.9699261533333344
heusler_Mn2TiSb__9.cif,0.9699261533333344
heusler_Mn2TiSi__1.cif,1.9055601619047577
heusler_Mn2TiSi__2.cif,1.9055601619047577
heusler_Mn2TiSi__3.cif,1.9055601619047577
heusler_Mn2TiSi__4.cif,1.9055601619047577
heusler_Mn2TiSi__5.cif,1.9055601619047577
heusler_Mn2TiSi__6.cif,1.9055601619047577
heusler_Mn2TiSi__7.cif,1.9055601619047577
heusler_Mn2TiSi__8.cif,1.9055601619047577
heusler_Mn2TiSi__9.cif,1.9055601619047577
heusler_Mn2TiSn__1.cif,2.4161923333333273
heusler_Mn2TiSn__2.cif,2.4161923333333273
heusler_Mn2TiSn__3.cif,2.4161923333333273
heusler_Mn2TiSn__4.cif,2.4161923333333273
heusler_Mn2TiSn__5.cif,2.4161923333333273
heusler_Mn2TiSn__6.cif,2.4161923333333273
heusler_Mn2TiSn__7.cif,2.4161923333333273
heusler_Mn2TiSn__8.cif,2.4161923333333273
heusler_Mn2TiSn__9.cif,2.4161923333333273
heusler_Mn2VAl__1.cif,2.049092266666674
heusler_Mn2VAl__2.cif,2.049092266666674
heusler_Mn2VAl__3.cif,2.049092266666674
heusler_Mn2VAl__4.cif,2.049092266666674
heusler_Mn2VAl__5.cif,2.049092266666674
heusler_Mn2VAl__6.cif,2.049092266666674
heusler_Mn2VAl__7.cif,2.049092266666674
heusler_Mn2VAl__8.cif,2.049092266666674
heusler_Mn2VAl__9.cif,2.049092266666674
heusler_Mn2VGa__1.cif,2.264729719047621
heusler_Mn2VGa__2.cif,2.264729719047621
heusler_Mn2VGa__3.cif,2.264729719047621
heusler_Mn2VGa__4.cif,2.264729719047621
heusler_Mn2VGa__5.cif,2.264729719047621
heusler_Mn2VGa__6.cif,2.264729719047621
heusler_Mn2VGa__7.cif,2.264729719047621
heusler_Mn2VGa__8.cif,2.264729719047621
heusler_Mn2VGa__9.cif,2.264729719047621
heusler_Mn2VGe__1.cif,0.8663251052380976
heusler_Mn2VGe__2.cif,0.8663251052380976
heusler_Mn2VGe__3.cif,0.8663251052380976
heusler_Mn2VGe__4.cif,0.8663251052380976
heusler_Mn2VGe__5.cif,0.8663251052380976
heusler_Mn2VGe__6.cif,0.8663251052380976
heusler_Mn2VGe__7.cif,0.8663251052380976
heusler_Mn2VGe__8.cif,0.8663251052380976
heusler_Mn2VGe__9.cif,0.8663251052380976
heusler_Mn2VSb__1.cif,0.5565945847619053
heusler_Mn2VSb__2.cif,0.5565945847619053
heusler_Mn2VSb__3.cif,0.5565945847619053
heusler_Mn2VSb__4.cif,0.5565945847619053
heusler_Mn2VSb__5.cif,0.5565945847619053
heusler_Mn2VSb__6.cif,0.5565945847619053
heusler_Mn2VSb__7.cif,0.5565945847619053
heusler_Mn2VSb__8.cif,0.5565945847619053
heusler_Mn2VSb__9.cif,0.5565945847619053
heusler_Mn2VSi__1.cif,0.8781588177777847
heusler_Mn2VSi__2.cif,0.8781588177777847
heusler_Mn2VSi__3.cif,0.8781588177777847
heusler_Mn2VSi__4.cif,0.8781588177777847
heusler_Mn2VSi__5.cif,0.8781588177777847
heusler_Mn2VSi__6.cif,0.8781588177777847
heusler_Mn2VSi__7.cif,0.8781588177777847
heusler_Mn2VSi__8.cif,0.8781588177777847
heusler_Mn2VSi__9.cif,0.8781588177777847
heusler_Mn2VSn__1.cif,1.001991943333336
heusler_Mn2VSn__2.cif,1.001991943333336
heusler_Mn2VSn__3.cif,1.001991943333336
heusler_Mn2VSn__4.cif,1.001991943333336
heusler_Mn2VSn__5.cif,1.001991943333336
heusler_Mn2VSn__6.cif,1.001991943333336
heusler_Mn2VSn__7.cif,1.001991943333336
heusler_Mn2VSn__8.cif,1.001991943333336
heusler_Mn2VSn__9.cif,1.001991943333336
heusler_Ni2CoAl__1.cif,2.4387704366666605
heusler_Ni2CoAl__2.cif,2.4387704366666605
heusler_Ni2CoAl__3.cif,2.374757869999993
heusler_Ni2CoAl__4.cif,2.4387704366666605
heusler_Ni2CoAl__5.cif,2.4387704366666605
heusler_Ni2CoAl__7.cif,2.4387704366666605
heusler_Ni2CoAl__8.cif,2.4387704366666605
heusler_Ni2CoGa__6.cif,2.1128384666666573
heusler_Ni2CoGa__7.cif,2.0919389399999924
heusler_Ni2CoGe__1.cif,1.6649958999999888
heusler_Ni2CoGe__2.cif,1.6649958999999888
heusler_Ni2CoGe__3.cif,1.6649958999999888
heusler_Ni2CoGe__4.cif,1.6649958999999888
heusler_Ni2CoGe__5.cif,1.6649958999999888
heusler_Ni2CoGe__6.cif,1.6649958999999888
heusler_Ni2CoGe__7.cif,1.6649958999999888
heusler_Ni2CoGe__8.cif,1.6649958999999888
heusler_Ni2CoGe__9.cif,1.6649958999999888
heusler_Ni2CoSb__1.cif,1.510703166666667
heusler_Ni2CoSb__2.cif,1.510703166666667
heusler_Ni2CoSb__3.cif,1.510703166666667
heusler_Ni2CoSb__4.cif,1.510703166666667
heusler_Ni2CoSb__5.cif,1.510703166666667
heusler_Ni2CoSb__6.cif,1.510703166666667
heusler_Ni2CoSb__7.cif,1.510703166666667
heusler_Ni2CoSb__8.cif,1.510703166666667
heusler_Ni2CoSb__9.cif,1.510703166666667
heusler_Ni2CoSi__1.cif,1.627199983333339
heusler_Ni2CoSi__2.cif,1.627199983333339
heusler_Ni2CoSi__3.cif,1.627199983333339
heusler_Ni2CoSi__4.cif,2.1816168833333327
heusler_Ni2CoSi__5.cif,1.627199983333339
heusler_Ni2CoSi__6.cif,2.1816168833333327
heusler_Ni2CoSi__7.cif,1.627199983333339
heusler_Ni2CoSi__8.cif,1.627199983333339
heusler_Ni2CoSn__1.cif,1.591167840476198
heusler_Ni2CoSn__2.cif,1.591167840476198
heusler_Ni2CoSn__4.cif,1.591167840476198
heusler_Ni2CoSn__5.cif,1.591167840476198
heusler_Ni2CoSn__6.cif,2.924203120476185
heusler_Ni2CoSn__7.cif,1.591167840476198
heusler_Ni2CoSn__8.cif,1.591167840476198
heusler_Ni2CoSn__9.cif,1.591167840476198
heusler_Ni2CrAl__1.cif,3.2055389266666685
heusler_Ni2CrAl__2.cif,3.2055389266666685
heusler_Ni2CrAl__3.cif,3.2055389266666685
heusler_Ni2CrAl__4.cif,3.2055389266666685
heusler_Ni2CrAl__5.cif,3.2055389266666685
heusler_Ni2CrAl__6.cif,3.2055389266666685
heusler_Ni2CrAl__7.cif,3.2055389266666685
heusler_Ni2CrAl__8.cif,3.2055389266666685
heusler_Ni2CrAl__9.cif,3.2055389266666685
heusler_Ni2CrGa__1.cif,3.0957833766666485
heusler_Ni2CrGa__2.cif,3.0957833766666485
heusler_Ni2CrGa__3.cif,3.0957833766666485
heusler_Ni2CrGa__4.cif,3.0957833766666485
heusler_Ni2CrGa__5.cif,3.0957833766666485
heusler_Ni2CrGa__6.cif,3.0957833766666485
heusler_Ni2CrGa__7.cif,3.0957833766666485
heusler_Ni2CrGa__8.cif,3.0957833766666485
heusler_Ni2CrGa__9.cif,3.0957833766666485
heusler_Ni2CrGe__1.cif,3.0726469500000206
heusler_Ni2CrGe__2.cif,3.0726469500000206
heusler_Ni2CrGe__3.cif,3.0726469500000206
heusler_Ni2CrGe__4.cif,3.0726469500000206
heusler_Ni2CrGe__5.cif,3.0726469500000206
heusler_Ni2CrGe__6.cif,3.0726469500000206
heusler_Ni2CrGe__7.cif,3.0726469500000206
heusler_Ni2CrGe__8.cif,3.0726469500000206
heusler_Ni2CrGe__9.cif,3.0726469500000206
heusler_Ni2CrSb__1.cif,3.4902590633333266
heusler_Ni2CrSb__2.cif,3.4902590633333266
heusler_Ni2CrSb__3.cif,3.4902590633333266
heusler_Ni2CrSb__4.cif,3.4902590633333266
heusler_Ni2CrSb__5.cif,3.4902590633333266
heusler_Ni2CrSb__6.cif,3.4902590633333266
heusler_Ni2CrSb__7.cif,3.4902590633333266
heusler_Ni2CrSb__8.cif,3.4902590633333266
heusler_Ni2CrSb__9.cif,3.4902590633333266
heusler_Ni2CrSi__1.cif,2.939030050000013
heusler_Ni2CrSi__2.cif,2.939030050000013
heusler_Ni2CrSi__3.cif,2.939030050000013
heusler_Ni2CrSi__4.cif,2.939030050000013
heusler_Ni2CrSi__5.cif,2.939030050000013
heusler_Ni2CrSi__6.cif,2.939030050000013
heusler_Ni2CrSi__7.cif,2.939030050000013
heusler_Ni2CrSi__8.cif,2.939030050000013
heusler_Ni2CrSi__9.cif,2.939030050000013
heusler_Ni2CrSn__1.cif,3.450466373333313
heusler_Ni2CrSn__2.cif,3.450466373333313
heusler_Ni2CrSn__3.cif,3.450466373333313
heusler_Ni2CrSn__4.cif,3.450466373333313
heusler_Ni2CrSn__5.cif,3.450466373333313
heusler_Ni2CrSn__6.cif,3.450466373333313
heusler_Ni2CrSn__7.cif,3.450466373333313
heusler_Ni2CrSn__8.cif,3.450466373333313
heusler_Ni2CrSn__9.cif,3.450466373333313
heusler_Ni2FeAl__2.cif,3.2647272666666445
heusler_Ni2FeAl__3.cif,3.2647272666666445
heusler_Ni2FeAl__4.cif,3.2647272666666445
heusler_Ni2FeAl__5.cif,3.2647272666666445
heusler_Ni2FeAl__6.cif,3.2647272666666445
heusler_Ni2FeAl__7.cif,3.2647272666666445
heusler_Ni2FeAl__9.cif,3.2647272666666445
heusler_Ni2FeGa__1.cif,3.2592336866666636
heusler_Ni2FeGa__3.cif,3.2592336866666636
heusler_Ni2FeGa__5.cif,3.2592336866666636
heusler_Ni2FeGa__7.cif,3.2592336866666636
heusler_Ni2FeGa__8.cif,3.2592336866666636
heusler_Ni2FeGa__9.cif,1.543308830000001
heusler_Ni2FeGe__1.cif,3.2930042533333306
heusler_Ni2FeGe__2.cif,4.870610483333324
heusler_Ni2FeGe__3.cif,3.2930042533333306
heusler_Ni2FeGe__4.cif,3.2930042533333306
heusler_Ni2FeGe__5.cif,3.2930042533333306
heusler_Ni2FeGe__6.cif,3.2930042533333306
heusler_Ni2FeGe__7.cif,3.2930042533333306
heusler_Ni2FeGe__8.cif,3.2930042533333306
heusler_Ni2FeGe__9.cif,3.2930042533333306
heusler_Ni2FeSb__1.cif,3.525812870000004
heusler_Ni2FeSb__2.cif,5.226164100000023
heusler_Ni2FeSb__3.cif,3.525812870000004
heusler_Ni2FeSb__4.cif,3.525812870000004
heusler_Ni2FeSb__5.cif,3.525812870000004
heusler_Ni2FeSb__6.cif,3.525812870000004
heusler_Ni2FeSb__7.cif,3.525812870000004
heusler_Ni2FeSb__8.cif,3.525812870000004
heusler_Ni2FeSb__9.cif,3.525812870000004
heusler_Ni2FeSi__1.cif,3.1358717499999895
heusler_Ni2FeSi__2.cif,3.1358717499999895
heusler_Ni2FeSi__3.cif,3.1358717499999895
heusler_Ni2FeSi__4.cif,3.1358717499999895
heusler_Ni2FeSi__5.cif,3.1358717499999895
heusler_Ni2FeSi__6.cif,3.1358717499999895
heusler_Ni2FeSi__9.cif,3.1358717499999895
heusler_Ni2FeSn__1.cif,3.390724893809523
heusler_Ni2FeSn__2.cif,3.390724893809523
heusler_Ni2FeSn__3.cif,0.9716415147619033
heusler_Ni2FeSn__4.cif,3.390724893809523
heusler_Ni2FeSn__5.cif,3.390724893809523
heusler_Ni2FeSn__6.cif,3.390724893809523
heusler_Ni2FeSn__7.cif,5.06608035000003
heusler_Ni2FeSn__8.cif,3.390724893809523
heusler_Ni2FeSn__9.cif,3.390724893809523
heusler_Ni2MnAl__1.cif,4.000512259999982
heusler_Ni2MnAl__2.cif,4.000512259999982
heusler_Ni2MnAl__4.cif,4.000512259999982
heusler_Ni2MnAl__5.cif,4.000512259999982
heusler_Ni2MnAl__6.cif,4.000512259999982
heusler_Ni2MnAl__7.cif,4.000512259999982
heusler_Ni2MnAl__8.cif,4.000512259999982
heusler_Ni2MnAl__9.cif,3.3661964766666674
heusler_Ni2MnGa__1.cif,4.01722045333332
heusler_Ni2MnGa__2.cif,4.01722045333332
heusler_Ni2MnGa__3.cif,1.3037065833333368
heusler_Ni2MnGa__4.cif,4.01722045333332
heusler_Ni2MnGa__5.cif,4.01722045333332
heusler_Ni2MnGa__7.cif,4.01722045333332
heusler_Ni2MnGa__8.cif,4.01722045333332
heusler_Ni2MnGa__9.cif,4.01722045333332
heusler_Ni2MnGe__1.cif,4.000352569999983
heusler_Ni2MnGe__2.cif,4.000352569999983
heusler_Ni2MnGe__4.cif,4.000352569999983
heusler_Ni2MnGe__5.cif,4.000352569999983
heusler_Ni2MnGe__6.cif,4.000352569999983
heusler_Ni2MnGe__7.cif,4.000352569999983
heusler_Ni2MnGe__8.cif,4.000352569999983
heusler_Ni2MnGe__9.cif,4.000352569999983
heusler_Ni2MnSb__1.cif,4.393830559999995
heusler_Ni2MnSb__2.cif,4.393830559999995
heusler_Ni2MnSb__3.cif,4.393830559999995
heusler_Ni2MnSb__4.cif,3.4974189766666717
heusler_Ni2MnSb__5.cif,4.393830559999995
heusler_Ni2MnSb__6.cif,4.393830559999995
heusler_Ni2MnSb__7.cif,4.393830559999995
heusler_Ni2MnSb__8.cif,4.393830559999995
heusler_Ni2MnSb__9.cif,4.393830559999995
heusler_Ni2MnSi__1.cif,3.7864545333333375
heusler_Ni2MnSi__2.cif,3.7864545333333375
heusler_Ni2MnSi__3.cif,3.7864545333333375
heusler_Ni2MnSi__4.cif,3.7864545333333375
heusler_Ni2MnSi__6.cif,1.4038872699999914
heusler_Ni2MnSi__7.cif,3.7864545333333375
heusler_Ni2MnSi__8.cif,3.7864545333333375
heusler_Ni2MnSi__9.cif,3.7864545333333375
heusler_Ni2MnSn__1.cif,4.183463349999989
heusler_Ni2MnSn__2.cif,4.183463349999989
heusler_Ni2MnSn__3.cif,4.183463349999989
heusler_Ni2MnSn__4.cif,4.183463349999989
heusler_Ni2MnSn__5.cif,1.2033398299999956
heusler_Ni2MnSn__6.cif,3.290598082380954
heusler_Ni2MnSn__7.cif,4.183463349999989
heusler_Ni2MnSn__8.cif,4.183463349999989
heusler_Ni2MnSn__9.cif,4.183463349999989
heusler_Ni2NiAl__1.cif,0.4346115333333345
heusler_Ni2NiAl__2.cif,0.4346115333333345
heusler_Ni2NiAl__3.cif,0.2542227333333338
heusler_Ni2NiAl__4.cif,0.20851321666666697
heusler_Ni2NiAl__5.cif,0.4346115333333345
heusler_Ni2NiAl__6.cif,0.2542227333333338
heusler_Ni2NiAl__7.cif,0.4346115333333345
heusler_Ni2NiAl__8.cif,0.4346115333333345
heusler_Ni2NiAl__9.cif,0.4346115333333345
heusler_Ni2NiGa__1.cif,0.19524273333333358
heusler_Ni2NiGa__2.cif,0.21927180000000154
heusler_Ni2NiGa__3.cif,0.19524273333333358
heusler_Ni2NiGa__4.cif,0.21927180000000154
heusler_Ni2NiGa__5.cif,0.19524273333333358
heusler_Ni2NiGa__6.cif,0.19524273333333358
heusler_Ni2NiGa__7.cif,0.21927180000000154
heusler_Ni2NiGa__8.cif,0.19524273333333358
heusler_Ni2NiGa__9.cif,0.19524273333333358
heusler_Ni2NiGe__1.cif,0.017510799999999993
heusler_Ni2NiGe__2.cif,0.04716379999999999
heusler_Ni2NiGe__3.cif,0.04716379999999999
heusler_Ni2NiGe__4.cif,0.04716379999999999
heusler_Ni2NiGe__5.cif,0.017510799999999993
heusler_Ni2NiGe__6.cif,0.04716379999999999
heusler_Ni2NiGe__7.cif,0.04716379999999999
heusler_Ni2NiGe__8.cif,0.04716379999999999
heusler_Ni2NiGe__9.cif,0.017510799999999993
heusler_Ni2NiSb__1.cif,0.06536199999999995
heusler_Ni2NiSb__2.cif,0.2076222000000005
heusler_Ni2NiSb__3.cif,0.06536199999999995
heusler_Ni2NiSb__4.cif,0.2076222000000005
heusler_Ni2NiSb__5.cif,0.06536199999999995
heusler_Ni2NiSb__6.cif,0.06536199999999995
heusler_Ni2NiSb__7.cif,0.2076222000000005
heusler_Ni2NiSb__8.cif,0.06536199999999995
heusler_Ni2NiSb__9.cif,0.06536199999999995
heusler_Ni2NiSi__1.cif,0.11995920000000002
heusler_Ni2NiSi__2.cif,0.11995920000000002
heusler_Ni2NiSi__5.cif,0.11995920000000002
heusler_Ni2NiSi__6.cif,0.11995920000000002
heusler_Ni2NiSi__8.cif,0.11995920000000002
heusler_Ni2NiSn__1.cif,0.1490876000000008
heusler_Ni2NiSn__2.cif,0.08153640000000016
heusler_Ni2NiSn__3.cif,0.1490876000000008
heusler_Ni2NiSn__4.cif,0.08153640000000016
heusler_Ni2NiSn__5.cif,0.08153640000000016
heusler_Ni2NiSn__6.cif,0.08153640000000016
heusler_Ni2NiSn__7.cif,0.1490876000000008
heusler_Ni2NiSn__8.cif,0.08153640000000016
heusler_Ni2NiSn__9.cif,0.08153640000000016
heusler_Ni2TiAl__1.cif,0.09924636
heusler_Ni2TiAl__2.cif,0.09924636
heusler_Ni2TiAl__3.cif,0.09924636
heusler_Ni2TiAl__4.cif,0.09924636
heusler_Ni2TiAl__5.cif,0.09924636
heusler_Ni2TiAl__6.cif,0.09924636
heusler_Ni2TiAl__7.cif,0.09924636
heusler_Ni2TiAl__8.cif,0.09924636
heusler_Ni2TiAl__9.cif,0.09924636
heusler_Ni2TiGa__1.cif,2.34785763
heusler_Ni2TiGa__2.cif,0.14062495000000005
heusler_Ni2TiGa__3.cif,0.14062495000000005
heusler_Ni2TiGa__4.cif,0.14062495000000005
heusler_Ni2TiGa__5.cif,0.14062495000000005
heusler_Ni2TiGa__6.cif,0.14062495000000005
heusler_Ni2TiGa__7.cif,0.14062495000000005
heusler_Ni2TiGa__8.cif,0.14062495000000005
heusler_Ni2TiGa__9.cif,0.14062495000000005
heusler_Ni2TiGe__1.cif,0.040240033333333335
heusler_Ni2TiGe__2.cif,0.040240033333333335
heusler_Ni2TiGe__3.cif,0.040240033333333335
heusler_Ni2TiGe__4.cif,0.040240033333333335
heusler_Ni2TiGe__5.cif,0.040240033333333335
heusler_Ni2TiGe__6.cif,0.040240033333333335
heusler_Ni2TiGe__7.cif,0.040240033333333335
heusler_Ni2TiGe__8.cif,0.040240033333333335
heusler_Ni2TiGe__9.cif,0.040240033333333335
heusler_Ni2TiSb__1.cif,0.08857740000000001
heusler_Ni2TiSb__2.cif,0.08857740000000001
heusler_Ni2TiSb__3.cif,0.08857740000000001
heusler_Ni2TiSb__4.cif,0.08857740000000001
heusler_Ni2TiSb__5.cif,0.08857740000000001
heusler_Ni2TiSb__6.cif,0.08857740000000001
heusler_Ni2TiSb__7.cif,0.08857740000000001
heusler_Ni2TiSb__8.cif,0.08857740000000001
heusler_Ni2TiSb__9.cif,0.08857740000000001
heusler_Ni2TiSi__1.cif,1.5474864733333316
heusler_Ni2TiSi__2.cif,0.06132366666666667
heusler_Ni2TiSi__3.cif,0.06132366666666667
heusler_Ni2TiSi__4.cif,0.06132366666666667
heusler_Ni2TiSi__7.cif,0.06132366666666667
heusler_Ni2TiSi__8.cif,0.06132366666666667
heusler_Ni2TiSn__1.cif,0.0795504
heusler_Ni2TiSn__2.cif,0.0795504
heusler_Ni2TiSn__3.cif,0.0795504
heusler_Ni2TiSn__4.cif,0.0795504
heusler_Ni2TiSn__5.cif,0.0795504
heusler_Ni2TiSn__6.cif,0.0795504
heusler_Ni2TiSn__7.cif,0.0795504
heusler_Ni2TiSn__8.cif,0.0795504
heusler_Ni2TiSn__9.cif,0.0795504
heusler_Ni2VAl__1.cif,0.7051143899999995
heusler_Ni2VAl__2.cif,0.7051143899999995
heusler_Ni2VAl__3.cif,0.7051143899999995
heusler_Ni2VAl__4.cif,0.7051143899999995
heusler_Ni2VAl__5.cif,0.7051143899999995
heusler_Ni2VAl__6.cif,0.7051143899999995
heusler_Ni2VAl__7.cif,0.7051143899999995
heusler_Ni2VAl__8.cif,0.7051143899999995
heusler_Ni2VGa__1.cif,0.3172371466666666
heusler_Ni2VGa__2.cif,0.3172371466666666
heusler_Ni2VGa__4.cif,0.3172371466666666
heusler_Ni2VGa__5.cif,0.3172371466666666
heusler_Ni2VGa__6.cif,0.3172371466666666
heusler_Ni2VGa__7.cif,0.3172371466666666
heusler_Ni2VGa__8.cif,0.3172371466666666
heusler_Ni2VGa__9.cif,0.3172371466666666
heusler_Ni2VGe__1.cif,0.7801398566666662
heusler_Ni2VGe__2.cif,0.7801398566666662
heusler_Ni2VGe__3.cif,0.7801398566666662
heusler_Ni2VGe__4.cif,0.7801398566666662
heusler_Ni2VGe__5.cif,0.7801398566666662
heusler_Ni2VGe__6.cif,0.7801398566666662
heusler_Ni2VGe__7.cif,0.7801398566666662
heusler_Ni2VGe__8.cif,0.7801398566666662
heusler_Ni2VGe__9.cif,0.7801398566666662
heusler_Ni2VSb__1.cif,1.7204447266666727
heusler_Ni2VSb__2.cif,1.7204447266666727
heusler_Ni2VSb__3.cif,1.7204447266666727
heusler_Ni2VSb__4.cif,1.7204447266666727
heusler_Ni2VSb__5.cif,1.7204447266666727
heusler_Ni2VSb__6.cif,1.7204447266666727
heusler_Ni2VSb__7.cif,1.7204447266666727
heusler_Ni2VSb__8.cif,1.7204447266666727
heusler_Ni2VSb__9.cif,1.7204447266666727
heusler_Ni2VSi__1.cif,0.48863227333333675
heusler_Ni2VSi__2.cif,0.48863227333333675
heusler_Ni2VSi__3.cif,0.48863227333333675
heusler_Ni2VSi__4.cif,0.48863227333333675
heusler_Ni2VSi__6.cif,0.48863227333333675
heusler_Ni2VSn__1.cif,0.9880410333333364
heusler_Ni2VSn__2.cif,0.9880410333333364
heusler_Ni2VSn__3.cif,0.9880410333333364
heusler_Ni2VSn__4.cif,0.9880410333333364
heusler_Ni2VSn__5.cif,0.9880410333333364
heusler_Ni2VSn__6.cif,0.9880410333333364
heusler_Ni2VSn__7.cif,0.9880410333333364
heusler_Ni2VSn__8.cif,0.9880410333333364
heusler_Ni2VSn__9.cif,0.9880410333333364
L10_CoPt__1.cif,2.632697920000002
L10_CoPt__2.cif,2.632697920000002
L10_CoPt__3.cif,2.632697920000002
L10_CoPt__4.cif,2.632697920000002
L10_CoPt__5.cif,2.632697920000002
L10_CoPt__6.cif,2.632697920000002
L10_CoPt__7.cif,2.632697920000002
L10_CoPt__8.cif,2.632697920000002
L10_CoPt__9.cif,2.632697920000002
L10_FePd__1.cif,2.8814428699999963
L10_FePd__2.cif,2.8814428699999963
L10_FePd__3.cif,2.8814428699999963
L10_FePd__4.cif,2.8814428699999963
L10_FePd__5.cif,2.8814428699999963
L10_FePd__6.cif,2.8814428699999963
L10_FePd__7.cif,2.8814428699999963
L10_FePd__8.cif,2.8814428699999963
L10_FePd__9.cif,2.8814428699999963
L10_FePt__1.cif,3.2070943866666664
L10_FePt__2.cif,3.2070943866666664
L10_FePt__3.cif,3.2070943866666664
L10_FePt__4.cif,3.2070943866666664
L10_FePt__5.cif,3.2070943866666664
L10_FePt__6.cif,3.2070943866666664
L10_FePt__7.cif,3.2070943866666664
L10_FePt__8.cif,3.2070943866666664
L10_FePt__9.cif,3.2070943866666664
L10_MnAl__1.cif,1.099917286666665
L10_MnAl__2.cif,1.099917286666665
L10_MnAl__3.cif,1.099917286666665
L10_MnAl__4.cif,1.099917286666665
L10_MnAl__5.cif,1.099917286666665
L10_MnAl__6.cif,1.099917286666665
L10_MnAl__7.cif,1.099917286666665
L10_MnAl__8.cif,1.099917286666665
L10_MnAl__9.cif,1.099917286666665
LaCo5__1.cif,2.9012786599999973
LaCo5__2.cif,2.9012786599999973
LaCo5__3.cif,2.9012786599999973
LaCo5__4.cif,2.9012786599999973
LaCo5__5.cif,2.9012786599999973
LaCo5__6.cif,2.9012786599999973
LaCo5__7.cif,2.9012786599999973
LaCo5__8.cif,2.9012786599999973
LaCo5__9.cif,2.9012786599999973
MnO__1.cif,2.9088875566666634
MnO__2.cif,2.9088875566666634
MnO__3.cif,2.9088875566666634
MnO__4.cif,2.9088875566666634
MnO__5.cif,2.9088875566666634
MnO__6.cif,2.9088875566666634
MnO__7.cif,2.9088875566666634
MnO__8.cif,2.9088875566666634
MnO__9.cif,2.9088875566666634
Nd2Fe14B__2.cif,4.344274766666665
Nd2Fe14B__8.cif,2.101593650000002
NdCo5__1.cif,3.1909845633333287
NdCo5__2.cif,3.1909845633333287
NdCo5__3.cif,3.1909845633333287
NdCo5__4.cif,3.1909845633333287
NdCo5__5.cif,3.1909845633333287
NdCo5__6.cif,3.1909845633333287
NdCo5__7.cif,3.1909845633333287
NdCo5__8.cif,3.1909845633333287
NdCo5__9.cif,3.1909845633333287
NiO__1.cif,0.34355600000000125
NiO__2.cif,0.34355600000000125
NiO__3.cif,0.34355600000000125
NiO__4.cif,0.34355600000000125
NiO__5.cif,0.34355600000000125
NiO__7.cif,0.34355600000000125
NiO__8.cif,0.34355600000000125
NiO__9.cif,0.34355600000000125
perov_BaCoO3__1.cif,1.3105472966666631
perov_BaCoO3__2.cif,1.773275800000001
perov_BaCoO3__3.cif,1.3105472966666631
perov_BaCoO3__4.cif,1.5717314899999988
perov_BaCoO3__5.cif,1.3105472966666631
perov_BaCoO3__6.cif,1.3105472966666631
perov_BaCoO3__7.cif,1.3105472966666631
perov_BaCoO3__8.cif,1.3105472966666631
perov_BaCoO3__9.cif,1.5118165499999987
perov_BaCrO3__1.cif,2.2118010771428556
perov_BaCrO3__2.cif,1.9676464033333334
perov_BaCrO3__3.cif,1.9676464033333334
perov_BaCrO3__4.cif,1.942701503333332
perov_BaCrO3__5.cif,1.9676464033333334
perov_BaCrO3__6.cif,1.9676464033333334
perov_BaCrO3__7.cif,1.9676464033333334
perov_BaCrO3__8.cif,2.2118010771428556
perov_BaCrO3__9.cif,1.9676464033333334
perov_BaFeO3__1.cif,1.7248521966666666
perov_BaFeO3__2.cif,1.4458128233333314
perov_BaFeO3__3.cif,1.4458128233333314
perov_BaFeO3__4.cif,1.4458128233333314
perov_BaFeO3__5.cif,1.4458128233333314
perov_BaFeO3__6.cif,1.7248521966666666
perov_BaFeO3__7.cif,1.7248521966666666
perov_BaFeO3__8.cif,1.4458128233333314
perov_BaFeO3__9.cif,1.4458128233333314
perov_BaMnO3__1.cif,1.4487094466666655
perov_BaMnO3__2.cif,2.2114392366666658
perov_BaMnO3__3.cif,1.4487094466666655
perov_BaMnO3__4.cif,1.4487094466666655
perov_BaMnO3__5.cif,1.648102919999997
perov_BaMnO3__6.cif,1.4487094466666655
perov_BaMnO3__7.cif,1.4487094466666655
perov_BaMnO3__8.cif,1.4487094466666655
perov_BaMnO3__9.cif,1.4487094466666655
perov_BaNiO3__1.cif,1.289621909999996
perov_BaNiO3__2.cif,1.3409715233333295
perov_BaNiO3__3.cif,1.4139052033333301
perov_BaNiO3__4.cif,1.289621909999996
perov_BaNiO3__5.cif,1.289621909999996
perov_BaNiO3__6.cif,1.6512459500000007
perov_BaNiO3__7.cif,1.4139052033333301
perov_BaNiO3__8.cif,1.289621909999996
perov_CaCoO3__1.cif,1.2105069233333308
perov_CaCoO3__2.cif,1.2105069233333308
perov_CaCoO3__3.cif,1.2105069233333308
perov_CaCoO3__4.cif,1.2105069233333308
perov_CaCoO3__5.cif,1.2105069233333308
perov_CaCoO3__6.cif,1.2105069233333308
perov_CaCoO3__7.cif,1.2105069233333308
perov_CaCoO3__8.cif,1.2105069233333308
perov_CaCoO3__9.cif,1.2105069233333308
perov_CaCrO3__1.cif,1.884528870000001
perov_CaCrO3__2.cif,1.884528870000001
perov_CaCrO3__3.cif,1.884528870000001
perov_CaCrO3__4.cif,2.1338991199999997
perov_CaCrO3__5.cif,1.884528870000001
perov_CaCrO3__6.cif,2.1943898771428563
perov_CaCrO3__7.cif,1.884528870000001
perov_CaCrO3__8.cif,1.884528870000001
perov_CaCrO3__9.cif,1.884528870000001
perov_CaFeO3__1.cif,1.3611522533333318
perov_CaFeO3__2.cif,1.3611522533333318
perov_CaFeO3__4.cif,1.3611522533333318
perov_CaFeO3__5.cif,1.3611522533333318
perov_CaFeO3__6.cif,1.5934755100000007
perov_CaFeO3__7.cif,1.3611522533333318
perov_CaFeO3__8.cif,1.3611522533333318
perov_CaFeO3__9.cif,1.3611522533333318
perov_CaMnO3__1.cif,1.4213267599999995
perov_CaMnO3__2.cif,1.4213267599999995
perov_CaMnO3__3.cif,1.4213267599999995
perov_CaMnO3__4.cif,1.4213267599999995
perov_CaMnO3__5.cif,1.4213267599999995
perov_CaMnO3__6.cif,1.4213267599999995
perov_CaMnO3__7.cif,1.4213267599999995
perov_CaMnO3__8.cif,1.4213267599999995
perov_CaMnO3__9.cif,1.4213267599999995
perov_CaNiO3__1.cif,1.2976457833333304
perov_CaNiO3__2.cif,1.1838790566666642
perov_CaNiO3__3.cif,1.1838790566666642
perov_CaNiO3__4.cif,1.2976457833333304
perov_CaNiO3__5.cif,1.1838790566666642
perov_CaNiO3__6.cif,1.2976457833333304
perov_CaNiO3__7.cif,1.1838790566666642
perov_CaNiO3__8.cif,1.1838790566666642
perov_CaNiO3__9.cif,1.1838790566666642
perov_LaCoO3__1.cif,2.2074018999999985
perov_LaCoO3__2.cif,2.2074018999999985
perov_LaCoO3__3.cif,2.2074018999999985
perov_LaCoO3__4.cif,2.2074018999999985
perov_LaCoO3__5.cif,2.2123076666666663
perov_LaCoO3__6.cif,2.2074018999999985
perov_LaCoO3__7.cif,2.2074018999999985
perov_LaCoO3__8.cif,2.2074018999999985
perov_LaCoO3__9.cif,2.2074018999999985
perov_LaCrO3__1.cif,2.164132566666665
perov_LaCrO3__2.cif,2.164132566666665
perov_LaCrO3__3.cif,2.164132566666665
perov_LaCrO3__4.cif,2.164132566666665
perov_LaCrO3__5.cif,2.164132566666665
perov_LaCrO3__6.cif,2.164132566666665
perov_LaCrO3__7.cif,2.164132566666665
perov_LaCrO3__8.cif,2.164132566666665
perov_LaCrO3__9.cif,2.164132566666665
perov_LaFeO3__1.cif,2.176731033333333
perov_LaFeO3__2.cif,2.176731033333333
perov_LaFeO3__3.cif,2.176731033333333
perov_LaFeO3__4.cif,2.176731033333333
perov_LaFeO3__5.cif,2.176731033333333
perov_LaFeO3__6.cif,2.1505465533333323
perov_LaFeO3__7.cif,2.176731033333333
perov_LaFeO3__8.cif,1.8179062899999985
perov_LaFeO3__9.cif,2.176731033333333
perov_LaMnO3__1.cif,2.2145937666666655
perov_LaMnO3__2.cif,2.2145937666666655
perov_LaMnO3__3.cif,2.2145937666666655
perov_LaMnO3__4.cif,2.2145937666666655
perov_LaMnO3__5.cif,2.2145937666666655
perov_LaMnO3__6.cif,2.2145937666666655
perov_LaMnO3__7.cif,2.2145937666666655
perov_LaMnO3__8.cif,2.2145937666666655
perov_LaMnO3__9.cif,2.2145937666666655
perov_LaNiO3__1.cif,2.278565416666665
perov_LaNiO3__2.cif,2.278565416666665
perov_LaNiO3__3.cif,2.278565416666665
perov_LaNiO3__4.cif,2.278565416666665
perov_LaNiO3__5.cif,2.278565416666665
perov_LaNiO3__6.cif,2.278565416666665
perov_LaNiO3__7.cif,2.278565416666665
perov_LaNiO3__8.cif,2.278565416666665
perov_LaNiO3__9.cif,2.278565416666665
perov_NdCoO3__1.cif,1.990450396666667
perov_NdCoO3__2.cif,1.922190509999999
perov_NdCoO3__3.cif,1.922190509999999
perov_NdCoO3__4.cif,1.922190509999999
perov_NdCoO3__5.cif,1.922190509999999
perov_NdCoO3__6.cif,2.0771116966666665
perov_NdCoO3__7.cif,1.922190509999999
perov_NdCoO3__8.cif,1.87019651
perov_NdCoO3__9.cif,1.922190509999999
perov_NdCrO3__1.cif,2.0007567499999994
perov_NdCrO3__2.cif,2.0007567499999994
perov_NdCrO3__3.cif,2.0007567499999994
perov_NdCrO3__4.cif,2.0007567499999994
perov_NdCrO3__5.cif,2.0007567499999994
perov_NdCrO3__6.cif,2.0007567499999994
perov_NdCrO3__7.cif,2.0007567499999994
perov_NdCrO3__8.cif,2.0007567499999994
perov_NdCrO3__9.cif,2.0007567499999994
perov_NdFeO3__1.cif,1.9801858899999998
perov_NdFeO3__2.cif,2.191953786666664
perov_NdFeO3__3.cif,1.9801858899999998
perov_NdFeO3__4.cif,1.7503091433333333
perov_NdFeO3__5.cif,1.9801858899999998
perov_NdFeO3__6.cif,1.9801858899999998
perov_NdFeO3__7.cif,1.9801858899999998
perov_NdFeO3__8.cif,1.9801858899999998
perov_NdFeO3__9.cif,1.9801858899999998
perov_NdMnO3__1.cif,1.8399028633333316
perov_NdMnO3__2.cif,1.8399028633333316
perov_NdMnO3__3.cif,1.8399028633333316
perov_NdMnO3__4.cif,1.8399028633333316
perov_NdMnO3__5.cif,2.28628141
perov_NdMnO3__6.cif,1.8399028633333316
perov_NdMnO3__7.cif,2.040454238571426
perov_NdMnO3__8.cif,1.8399028633333316
perov_NdMnO3__9.cif,1.8399028633333316
perov_NdNiO3__1.cif,1.9229461499999982
perov_NdNiO3__2.cif,1.9229461499999982
perov_NdNiO3__3.cif,1.9229461499999982
perov_NdNiO3__4.cif,1.9229461499999982
perov_NdNiO3__5.cif,1.9229461499999982
perov_NdNiO3__6.cif,1.9229461499999982
perov_NdNiO3__7.cif,1.9229461499999982
perov_NdNiO3__8.cif,1.9229461499999982
perov_NdNiO3__9.cif,1.9229461499999982
perov_PrCoO3__1.cif,1.9243557433333325
perov_PrCoO3__2.cif,1.9243557433333325
perov_PrCoO3__3.cif,1.9557377100000002
perov_PrCoO3__4.cif,1.9243557433333325
perov_PrCoO3__5.cif,1.9557377100000002
perov_PrCoO3__6.cif,1.9557377100000002
perov_PrCoO3__7.cif,1.9243557433333325
perov_PrCoO3__8.cif,2.060520276666666
perov_PrCoO3__9.cif,1.9243557433333325
perov_PrCrO3__1.cif,2.0468328966666656
perov_PrCrO3__2.cif,2.0468328966666656
perov_PrCrO3__3.cif,2.0468328966666656
perov_PrCrO3__4.cif,2.0468328966666656
perov_PrCrO3__5.cif,2.0468328966666656
perov_PrCrO3__6.cif,2.0468328966666656
perov_PrCrO3__7.cif,2.0468328966666656
perov_PrCrO3__8.cif,2.0468328966666656
perov_PrCrO3__9.cif,2.0468328966666656
perov_PrFeO3__1.cif,1.951185563333333
perov_PrFeO3__2.cif,1.951185563333333
perov_PrFeO3__3.cif,1.951185563333333
perov_PrFeO3__4.cif,2.1313875199999988
perov_PrFeO3__5.cif,1.951185563333333
perov_PrFeO3__6.cif,1.951185563333333
perov_PrFeO3__7.cif,2.1655215366666645
perov_PrFeO3__8.cif,2.1517909199999985
perov_PrFeO3__9.cif,1.951185563333333
perov_PrMnO3__1.cif,1.9746210999999994
perov_PrMnO3__2.cif,1.9746210999999994
perov_PrMnO3__3.cif,1.9746210999999994
perov_PrMnO3__4.cif,1.9746210999999994
perov_PrMnO3__5.cif,1.9746210999999994
perov_PrMnO3__6.cif,1.9746210999999994
perov_PrMnO3__7.cif,1.9746210999999994
perov_PrMnO3__8.cif,1.9746210999999994
perov_PrMnO3__9.cif,1.9746210999999994
perov_PrNiO3__1.cif,1.9428695433333318
perov_PrNiO3__2.cif,1.9428695433333318
perov_PrNiO3__3.cif,2.2857987433333307
perov_PrNiO3__4.cif,1.9295512433333317
perov_PrNiO3__5.cif,1.9230402099999984
perov_PrNiO3__6.cif,1.9428695433333318
perov_PrNiO3__7.cif,1.9428695433333318
perov_PrNiO3__8.cif,1.9428695433333318
perov_PrNiO3__9.cif,1.9428695433333318
perov_SmCoO3__1.cif,1.826839749999999
perov_SmCoO3__2.cif,1.826839749999999
perov_SmCoO3__4.cif,1.826839749999999
perov_SmCoO3__5.cif,1.826839749999999
perov_SmCoO3__6.cif,1.826839749999999
perov_SmCoO3__7.cif,1.826839749999999
perov_SmCoO3__8.cif,1.826839749999999
perov_SmCoO3__9.cif,1.909884549999999
perov_SmCrO3__1.cif,1.846741836666665
perov_SmCrO3__2.cif,1.846741836666665
perov_SmCrO3__3.cif,1.846741836666665
perov_SmCrO3__4.cif,1.846741836666665
perov_SmCrO3__5.cif,1.846741836666665
perov_SmCrO3__6.cif,1.846741836666665
perov_SmCrO3__7.cif,1.846741836666665
perov_SmCrO3__8.cif,1.846741836666665
perov_SmCrO3__9.cif,1.846741836666665
perov_SmFeO3__1.cif,1.9076918299999996
perov_SmFeO3__2.cif,1.9076918299999996
perov_SmFeO3__3.cif,1.9076918299999996
perov_SmFeO3__4.cif,1.9076918299999996
perov_SmFeO3__5.cif,1.9076918299999996
perov_SmFeO3__6.cif,1.9076918299999996
perov_SmFeO3__7.cif,1.9076918299999996
perov_SmFeO3__8.cif,1.9076918299999996
perov_SmFeO3__9.cif,1.9076918299999996
perov_SmMnO3__1.cif,1.8053024033333314
perov_SmMnO3__2.cif,1.8053024033333314
perov_SmMnO3__3.cif,1.8053024033333314
perov_SmMnO3__4.cif,1.8053024033333314
perov_SmMnO3__5.cif,1.8053024033333314
perov_SmMnO3__6.cif,1.8053024033333314
perov_SmMnO3__7.cif,1.8053024033333314
perov_SmMnO3__8.cif,1.8053024033333314
perov_SmMnO3__9.cif,1.8053024033333314
perov_SmNiO3__1.cif,1.8224223499999987
perov_SmNiO3__2.cif,1.8224223499999987
perov_SmNiO3__3.cif,1.8224223499999987
perov_SmNiO3__4.cif,1.8224223499999987
perov_SmNiO3__5.cif,1.8224223499999987
perov_SmNiO3__6.cif,1.8224223499999987
perov_SmNiO3__7.cif,1.8224223499999987
perov_SmNiO3__8.cif,1.8224223499999987
perov_SrCoO3__1.cif,1.2892869733333299
perov_SrCoO3__2.cif,1.696138970000001
perov_SrCoO3__3.cif,1.3761233533333317
perov_SrCoO3__4.cif,1.2892869733333299
perov_SrCoO3__5.cif,1.2892869733333299
perov_SrCoO3__6.cif,1.2892869733333299
perov_SrCoO3__7.cif,1.5463542333333318
perov_SrCoO3__8.cif,1.3761233533333317
perov_SrCoO3__9.cif,1.2892869733333299
perov_SrCrO3__1.cif,2.2195600771428556
perov_SrCrO3__2.cif,1.938811516666667
perov_SrCrO3__3.cif,1.938811516666667
perov_SrCrO3__4.cif,1.938811516666667
perov_SrCrO3__5.cif,1.938811516666667
perov_SrCrO3__6.cif,2.2195600771428556
perov_SrCrO3__7.cif,1.938811516666667
perov_SrCrO3__8.cif,1.938811516666667
perov_SrCrO3__9.cif,1.938811516666667
perov_SrFeO3__1.cif,1.7772045966666667
perov_SrFeO3__2.cif,1.4095451533333314
perov_SrFeO3__3.cif,1.4095451533333314
perov_SrFeO3__4.cif,1.4095451533333314
perov_SrFeO3__5.cif,1.4095451533333314
perov_SrFeO3__6.cif,1.4095451533333314
perov_SrFeO3__7.cif,1.4095451533333314
perov_SrFeO3__8.cif,1.4095451533333314
perov_SrFeO3__9.cif,1.4095451533333314
perov_SrMnO3__2.cif,1.413056659999999
perov_SrMnO3__3.cif,2.117263786666666
perov_SrMnO3__5.cif,1.413056659999999
perov_SrMnO3__6.cif,1.4536285499999995
perov_SrMnO3__7.cif,2.1982587699999994
perov_SrMnO3__8.cif,1.413056659999999
perov_SrMnO3__9.cif,2.1982587699999994
perov_SrNiO3__1.cif,1.260353306666663
perov_SrNiO3__2.cif,1.260353306666663
perov_SrNiO3__3.cif,1.260353306666663
perov_SrNiO3__4.cif,1.260353306666663
perov_SrNiO3__5.cif,1.260353306666663
perov_SrNiO3__6.cif,1.5770288666666663
perov_SrNiO3__7.cif,1.5770288666666663
perov_SrNiO3__8.cif,1.260353306666663
perov_SrNiO3__9.cif,1.260353306666663
Pr2Fe14B__5.cif,2.0837506500000025
Pr2Fe14B__8.cif,2.0837506500000025
PrCo5__1.cif,3.2365940299999947
PrCo5__2.cif,3.2365940299999947
PrCo5__3.cif,3.2365940299999947
PrCo5__4.cif,3.2365940299999947
PrCo5__5.cif,3.2365940299999947
PrCo5__6.cif,3.2365940299999947
PrCo5__7.cif,3.2365940299999947
PrCo5__8.cif,3.2365940299999947
PrCo5__9.cif,3.2365940299999947
SmCo5__1.cif,3.1902251633333285
SmCo5__2.cif,3.1902251633333285
SmCo5__3.cif,3.1902251633333285
SmCo5__4.cif,3.1902251633333285
SmCo5__5.cif,3.1902251633333285
SmCo5__6.cif,3.1902251633333285
SmCo5__7.cif,3.1902251633333285
SmCo5__8.cif,3.1902251633333285
SmCo5__9.cif,3.1902251633333285
spinel_CoAl2O4__1.cif,0.47578064000000164
spinel_CoAl2O4__2.cif,0.7957091866666639
spinel_CoAl2O4__4.cif,0.8903367733333306
spinel_CoAl2O4__5.cif,0.47578064000000164
spinel_CoAl2O4__6.cif,0.47578064000000164
spinel_CoAl2O4__7.cif,0.47578064000000164
spinel_CoAl2O4__9.cif,0.8218814533333298
spinel_CoCr2O4__1.cif,2.89197164333333
spinel_CoCr2O4__2.cif,2.7957756233333293
spinel_CoCr2O4__3.cif,2.3934506538095195
spinel_CoCr2O4__4.cif,2.8102129566666623
spinel_CoCr2O4__5.cif,2.943641389999996
spinel_CoCr2O4__6.cif,2.7957756233333293
spinel_CoCr2O4__8.cif,2.89197164333333
spinel_CoCr2O4__9.cif,2.943641389999996
spinel_CoFe2O4__2.cif,1.0131299942857106
spinel_CoFe2O4__3.cif,1.0318644742857104
spinel_CoFe2O4__4.cif,3.0470193138095207
spinel_CoFe2O4__6.cif,1.0225934076190437
spinel_CoFe2O4__8.cif,1.0131299942857106
spinel_CoFe2O4__9.cif,1.026745407619044
spinel_CoMn2O4__1.cif,2.796607589523807
spinel_CoMn2O4__2.cif,2.8033875028571416
spinel_CoMn2O4__3.cif,2.796607589523807
spinel_CoMn2O4__4.cif,1.0870282095238077
spinel_CoMn2O4__5.cif,1.0870282095238077
spinel_CoMn2O4__6.cif,2.8033875028571416
spinel_CoMn2O4__7.cif,2.796607589523807
spinel_CoMn2O4__8.cif,1.0039459628571397
spinel_CoMn2O4__9.cif,1.0039459628571397
spinel_FeAl2O4__1.cif,0.8520924609523778
spinel_FeAl2O4__2.cif,1.0558903047619017
spinel_FeAl2O4__3.cif,0.8520924609523778
spinel_FeAl2O4__4.cif,1.0558903047619017
spinel_FeAl2O4__5.cif,1.0558903047619017
spinel_FeAl2O4__6.cif,0.9875118047619014
spinel_FeAl2O4__7.cif,1.0558903047619017
spinel_FeCr2O4__1.cif,2.902522889999996
spinel_FeCr2O4__2.cif,2.8595596833333294
spinel_FeCr2O4__3.cif,2.902522889999996
spinel_FeCr2O4__4.cif,2.902522889999996
spinel_FeCr2O4__5.cif,2.7691462466666645
spinel_FeCr2O4__6.cif,2.902522889999996
spinel_FeCr2O4__7.cif,2.9205298233333297
spinel_FeCr2O4__8.cif,2.8062347799999965
spinel_FeCr2O4__9.cif,2.902522889999996
spinel_FeFe2O4__1.cif,2.807966106666666
spinel_FeFe2O4__2.cif,2.807966106666666
spinel_FeFe2O4__3.cif,1.9601318433333321
spinel_FeFe2O4__4.cif,2.807966106666666
spinel_FeFe2O4__5.cif,1.9601318433333321
spinel_FeFe2O4__6.cif,1.9601318433333321
spinel_FeFe2O4__7.cif,1.9601318433333321
spinel_FeFe2O4__8.cif,1.9601318433333321
spinel_FeFe2O4__9.cif,2.807966106666666
spinel_FeMn2O4__1.cif,1.0202529895238062
spinel_FeMn2O4__2.cif,2.798041419999998
spinel_FeMn2O4__3.cif,2.798041419999998
spinel_FeMn2O4__5.cif,2.7772882999999977
spinel_FeMn2O4__6.cif,2.798041419999998
spinel_FeMn2O4__7.cif,2.7772882999999977
spinel_FeMn2O4__8.cif,1.0202529895238062
spinel_MnAl2O4__1.cif,0.978329946190474
spinel_MnAl2O4__2.cif,0.978329946190474
spinel_MnAl2O4__3.cif,2.7469245199999968
spinel_MnAl2O4__4.cif,0.9561954033333308
spinel_MnAl2O4__5.cif,1.7775319166666668
spinel_MnAl2O4__6.cif,0.993976423333331
spinel_MnAl2O4__7.cif,0.978329946190474
spinel_MnAl2O4__8.cif,0.9948573233333309
spinel_MnAl2O4__9.cif,1.0142672666666641
spinel_MnCr2O4__1.cif,2.8931457985714255
spinel_MnCr2O4__2.cif,2.6386393833333344
spinel_MnCr2O4__3.cif,2.8291889766666634
spinel_MnCr2O4__4.cif,2.6439473833333342
spinel_MnCr2O4__5.cif,2.8291889766666634
spinel_MnCr2O4__6.cif,2.848323183333332
spinel_MnCr2O4__7.cif,2.848323183333332
spinel_MnCr2O4__8.cif,2.6439473833333342
spinel_MnCr2O4__9.cif,2.8293179166666627
spinel_MnFe2O4__1.cif,2.8342217266666654
spinel_MnFe2O4__2.cif,3.184938486666668
spinel_MnFe2O4__3.cif,3.0237652833333315
spinel_MnFe2O4__4.cif,2.7682211799999994
spinel_MnFe2O4__5.cif,1.0202529895238062
spinel_MnFe2O4__6.cif,2.806959206666666
spinel_MnFe2O4__7.cif,2.7682211799999994
spinel_MnFe2O4__8.cif,2.7682211799999994
spinel_MnFe2O4__9.cif,2.7682211799999994
spinel_MnMn2O4__1.cif,2.9088875566666634
spinel_MnMn2O4__2.cif,1.893031879523809
spinel_MnMn2O4__3.cif,1.913303066190476
spinel_MnMn2O4__4.cif,2.9088875566666634
spinel_MnMn2O4__5.cif,2.886772279523806
spinel_MnMn2O4__6.cif,2.588199309999998
spinel_MnMn2O4__7.cif,2.886772279523806
spinel_MnMn2O4__8.cif,2.9088875566666634
spinel_MnMn2O4__9.cif,2.886772279523806
spinel_NiAl2O4__1.cif,0.3419767733333346
spinel_NiAl2O4__2.cif,0.3419767733333346
spinel_NiAl2O4__3.cif,0.34414517333333466
spinel_NiAl2O4__4.cif,0.3419767733333346
spinel_NiAl2O4__5.cif,0.3419767733333346
spinel_NiAl2O4__6.cif,0.3419767733333346
spinel_NiAl2O4__7.cif,0.4625918066666678
spinel_NiAl2O4__8.cif,0.3451751733333347
spinel_NiAl2O4__9.cif,0.3419767733333346
spinel_NiCr2O4__1.cif,1.7530204866666659
spinel_NiCr2O4__2.cif,2.99798952333333
spinel_NiCr2O4__4.cif,2.99798952333333
spinel_NiCr2O4__5.cif,1.8218402066666652
spinel_NiCr2O4__6.cif,2.99798952333333
spinel_NiCr2O4__7.cif,1.822572293333332
spinel_NiCr2O4__8.cif,2.872359516666662
spinel_NiFe2O4__1.cif,0.8823535809523781
spinel_NiFe2O4__2.cif,0.9812773980952341
spinel_NiFe2O4__3.cif,0.9735736647619011
spinel_NiFe2O4__4.cif,0.9735736647619011
spinel_NiFe2O4__5.cif,0.8823535809523781
spinel_NiFe2O4__6.cif,0.9113078247619013
spinel_NiFe2O4__8.cif,0.9735736647619011
spinel_NiFe2O4__9.cif,0.9113078247619013
spinel_NiMn2O4__1.cif,2.7113188433333324
spinel_NiMn2O4__2.cif,2.1551195757142843
spinel_NiMn2O4__3.cif,2.1344471423809503
spinel_NiMn2O4__4.cif,2.702416120476189
spinel_NiMn2O4__5.cif,2.7113188433333324
spinel_NiMn2O4__6.cif,2.7113188433333324
spinel_NiMn2O4__7.cif,0.9935053561904735
spinel_NiMn2O4__9.cif,2.7113188433333324
Tb2Fe14B__9.cif,2.447880193333334
